Component_Type,Equipment_ID,Running_Hours_Since_Last_Maintenance,Ambient_Temperature_C,Vibration_Level_mm_s,Motor_Load_%,Coupler_Torque_Nm,Bearing_Temperature_C,Lubrication_Status,Power_Consumption_kW,Noise_Level_dB,Phase_Imbalance_%,Previous_Breakdown_Count,Maintenance_Frequency_days,Equipment_Age_years,Breakdown
Motor,EQUIP_0000,456,43.3,4.04,82,132.1,51.5,OK,83.02,82.3,1.22,1,30,5,0
Coupler,EQUIP_0001,154,44,3.09,85,148.9,60.9,Low,76.04,64.5,0.77,1,60,14,0
Motor,EQUIP_0002,210,39.7,2.56,38,118.7,53.7,OK,54.32,79.7,0.63,1,60,7,0
Motor,EQUIP_0003,426,36.7,3.07,51,186.8,55.1,OK,85.96,66.8,1.82,4,15,9,0
Motor,EQUIP_0004,221,51,2.71,42,133.6,56.8,OK,90.47,69.7,1.26,4,45,12,0
Coupler,EQUIP_0005,470,41.7,3.11,77,195.7,51,Low,59.36,70.1,1.11,1,30,1,0
Motor,EQUIP_0006,229,33.6,3.76,47,151.8,52.8,OK,61.56,65.7,4.02,3,45,3,0
Motor,EQUIP_0007,249,47.1,2.91,69,107.8,53.1,OK,91.1,70.4,1.33,4,45,8,0
Motor,EQUIP_0008,422,35.7,2.63,46,144.9,64.2,OK,71.87,65.9,1.56,3,15,6,0
Coupler,EQUIP_0009,406,53.7,1.88,44,118.1,32.3,OK,61.95,63.8,2.74,1,45,13,0
Motor,EQUIP_0010,55,40.4,3.58,44,167.7,57.7,OK,79.09,69.8,1.55,1,15,5,0
Motor,EQUIP_0011,44,45.1,3.35,92,142.2,49.1,OK,65.42,77.9,0.83,2,60,13,0
Motor,EQUIP_0012,262,29.6,1.82,68,154.9,49.5,OK,77.42,68.7,1.74,0,60,10,0
Motor,EQUIP_0013,399,33.6,3.84,42,138.9,54.7,Low,68.8,74.7,4.01,1,60,2,0
Coupler,EQUIP_0014,91,46.7,1.8,61,133.3,59.9,OK,70.09,65.8,1.52,1,30,3,0
Motor,EQUIP_0015,380,41.6,4.03,38,120.8,57.9,OK,91.66,63.6,1.09,4,30,12,0
Coupler,EQUIP_0016,265,50.2,3.69,69,175.1,49.4,OK,37.97,72.3,2.42,1,45,2,0
Coupler,EQUIP_0017,206,42.4,3.42,49,144.8,67.2,OK,83.32,78.8,1.69,1,15,1,0
Coupler,EQUIP_0018,312,40.7,2.62,92,140.6,51,OK,89.18,71,4.74,1,45,7,0
Motor,EQUIP_0019,418,48.6,3.58,73,144.1,52.7,OK,65.67,74.1,1.21,1,60,14,0
Coupler,EQUIP_0020,459,45.1,4.08,67,129.6,62.8,OK,89.07,77.5,3.73,3,45,3,0
Motor,EQUIP_0021,19,39,3.59,89,140.7,63.2,OK,60.61,69.8,3.16,1,45,7,0
Coupler,EQUIP_0022,321,34.5,2.33,77,156.2,53.9,OK,65.1,69.2,1.62,4,45,12,0
Coupler,EQUIP_0023,295,28.1,3.27,47,119,30.6,Low,63.37,72.4,2,0,60,7,0
Coupler,EQUIP_0024,251,37.8,4.13,45,123.3,51.1,OK,89.27,73.3,0.97,4,15,8,0
Coupler,EQUIP_0025,260,34.1,5.2,84,191.3,61.6,Low,48.83,63,1.46,0,45,1,0
Coupler,EQUIP_0026,374,53,2.79,68,139.1,66.9,OK,99.6,71.5,1.61,0,60,5,0
Coupler,EQUIP_0027,14,36.7,3.86,97,133.5,59.2,OK,70.43,70,2.16,0,30,10,0
Coupler,EQUIP_0028,128,36.6,4.13,88,109.7,55.2,OK,84.22,66.1,0.59,1,15,9,0
Coupler,EQUIP_0029,298,32.4,2.19,91,175.5,82.9,Low,82.93,69.7,2.31,2,60,12,1
Motor,EQUIP_0030,383,38.7,4.78,42,118.3,56.3,OK,77.27,64.2,1.85,0,45,11,0
Motor,EQUIP_0031,74,36.7,1.93,35,149.5,66.1,OK,65.99,62.4,2.4,0,60,7,0
Coupler,EQUIP_0032,155,48.7,3.81,89,98.8,46.6,OK,93.64,70.3,2.55,2,15,1,0
Coupler,EQUIP_0033,233,40.8,3.31,43,174.5,49.1,OK,67.28,74.5,1.77,3,45,8,0
Coupler,EQUIP_0034,248,40,3.06,83,185.3,66.5,OK,64.03,68.3,2.49,3,30,3,0
Motor,EQUIP_0035,186,39.3,5.55,33,164.5,70.4,OK,88.17,65.2,1.91,5,30,13,0
Coupler,EQUIP_0036,276,43.9,2.7,68,104,56.1,OK,77.19,66,2.74,0,30,4,0
Motor,EQUIP_0037,350,37.7,2.68,54,175.2,41.5,Low,95.37,72.7,2.32,1,60,4,0
Motor,EQUIP_0038,291,43.3,4.33,61,125.2,58.3,OK,74.06,78.3,2.18,1,15,10,0
Motor,EQUIP_0039,72,48.1,3.76,88,114.9,61.9,OK,65.24,73.9,1.9,0,30,14,0
Motor,EQUIP_0040,226,42.3,4.28,92,138.5,61,OK,79.12,76.5,3.3,1,45,12,0
Motor,EQUIP_0041,351,38.8,3.12,67,137.9,54.4,Low,68.29,64.8,2.41,0,45,8,0
Coupler,EQUIP_0042,324,35.2,3.32,82,134.8,58.5,Low,65.67,69.6,0.68,1,45,1,0
Coupler,EQUIP_0043,292,38.6,4.9,96,188.2,52.5,Low,87.48,75.1,1.53,0,60,8,0
Coupler,EQUIP_0044,186,42.8,2.16,57,210.4,48.9,OK,102.47,63,1.77,3,15,9,0
Coupler,EQUIP_0045,470,32.3,2.9,32,108.9,67.6,Low,71.3,66.7,2,2,15,9,0
Coupler,EQUIP_0046,426,44.2,3.8,51,129.3,61,OK,60.38,74.7,2.18,0,30,5,0
Motor,EQUIP_0047,107,41,2.8,67,154.3,58.5,OK,72.7,71.3,1.06,0,15,4,0
Coupler,EQUIP_0048,114,39.3,2.43,91,138.3,54.9,OK,82.72,65.2,1.93,4,45,4,0
Coupler,EQUIP_0049,108,36.7,3.62,86,162,58.2,OK,78.86,61.8,1.69,2,45,9,0
Motor,EQUIP_0050,394,37.6,4.34,35,177.5,61.6,Low,92.91,76.7,3.08,2,60,8,0
Coupler,EQUIP_0051,414,43,2.86,61,172.5,77.3,OK,84.98,59.7,1,2,45,10,0
Motor,EQUIP_0052,320,39.4,2.83,39,168.3,66.5,OK,58.45,73.2,1.98,0,15,10,0
Coupler,EQUIP_0053,15,37.5,2.35,32,199.8,53.3,OK,67.6,67.3,1.31,3,45,12,0
Motor,EQUIP_0054,485,42.3,2.7,88,102.3,53.4,OK,54.29,75.2,3.86,0,30,7,0
Coupler,EQUIP_0055,474,42.5,4.08,78,194.4,51.9,OK,92.17,64.8,3.26,2,60,12,0
Coupler,EQUIP_0056,206,33.8,3.08,88,137.6,58,OK,45.12,83.1,0.36,3,60,3,0
Motor,EQUIP_0057,360,42.9,2.2,60,173.6,51.9,Low,55.75,72,1.2,0,15,4,0
Motor,EQUIP_0058,142,52.5,3.26,98,119.1,64.7,OK,67.32,72.8,2.87,3,45,9,0
Motor,EQUIP_0059,367,42.3,4.05,91,122.7,33.6,OK,83.46,66.1,2.46,0,45,14,0
Motor,EQUIP_0060,268,31.5,2.44,81,169.9,65.4,OK,67.18,69.3,2.43,3,15,13,0
Motor,EQUIP_0061,446,40.9,1.67,70,92.1,62.8,OK,69.52,69.5,2.19,4,15,8,0
Motor,EQUIP_0062,32,30.8,5.19,60,179.7,72.6,Low,69.82,79,2.95,0,30,12,0
Motor,EQUIP_0063,494,55.8,1.62,51,187.8,68.8,OK,77.59,72,2.78,0,15,12,0
Motor,EQUIP_0064,62,51.2,2.64,33,155.3,53.2,OK,56.69,72.7,1.71,3,45,1,0
Coupler,EQUIP_0065,174,36.7,3.23,42,154.3,67.6,OK,60.79,72.7,0.8,2,30,3,0
Coupler,EQUIP_0066,211,28.8,2.73,74,125,58.3,OK,100.21,73.1,0.31,2,60,14,0
Motor,EQUIP_0067,467,35.6,2.93,71,170.2,40.7,OK,81.04,63.1,1.9,2,45,12,0
Coupler,EQUIP_0068,92,39.1,3.58,78,160.4,61.6,OK,86.41,80.2,0.16,2,60,10,0
Coupler,EQUIP_0069,154,31.2,0.61,49,122.4,53.8,OK,75.87,65.6,2.25,2,60,2,0
Coupler,EQUIP_0070,94,39.7,1.73,83,138.3,60,OK,72.9,69.8,1.69,1,60,2,0
Coupler,EQUIP_0071,87,39.1,3.04,65,145.2,76.5,OK,81.86,77.7,3.94,2,45,13,0
Motor,EQUIP_0072,466,40.6,2.6,30,138.2,62.2,OK,85.91,79.7,2.34,1,60,13,0
Coupler,EQUIP_0073,375,41.1,3.13,44,109.1,49.8,OK,87.69,74,1.97,1,45,8,0
Motor,EQUIP_0074,10,35.2,3.23,46,171,69.6,OK,73.1,67.5,0.38,0,60,6,0
Coupler,EQUIP_0075,60,35.7,0.88,53,142.7,63.6,Low,89.33,70.6,0.74,2,15,12,0
Coupler,EQUIP_0076,182,40.2,4.27,87,150.5,48.6,OK,38.01,70.8,2.68,0,15,12,0
Coupler,EQUIP_0077,214,36.8,2.5,52,132.7,43.9,OK,88.38,71,1.69,0,45,12,0
Motor,EQUIP_0078,269,44.5,2.13,75,164.3,50.2,OK,68.6,63.8,4.54,3,60,13,0
Coupler,EQUIP_0079,455,40.2,3.21,37,156,68.4,Low,83.3,76.3,1.92,4,60,6,0
Motor,EQUIP_0080,458,49.3,3.11,88,186.4,57,OK,65.26,70.7,2.17,0,60,4,0
Coupler,EQUIP_0081,378,44.1,4.2,88,164.4,60.8,Low,55.1,66.4,0.68,3,15,1,1
Motor,EQUIP_0082,497,45.5,3.27,42,143.9,46.6,OK,80.1,67.5,2.95,1,60,11,0
Coupler,EQUIP_0083,297,40.7,4.16,68,127.8,68.6,Low,52.48,71.3,1.07,1,60,7,0
Motor,EQUIP_0084,43,40.8,2.06,57,176,39.8,Low,69,63,2.52,0,45,8,0
Motor,EQUIP_0085,357,48.7,3.14,90,141.5,53.4,OK,62.81,74.4,2.81,1,60,2,0
Coupler,EQUIP_0086,104,38.1,1.89,45,144.8,64.2,OK,72.37,71.2,2.1,0,15,2,0
Motor,EQUIP_0087,81,42.7,3.1,31,144.8,48.8,OK,86.96,77.8,3.76,0,60,1,0
Coupler,EQUIP_0088,48,38.7,2.89,46,138,66.1,OK,67.65,70.4,1.39,0,15,4,0
Coupler,EQUIP_0089,163,38.7,2.84,59,145.4,51.3,OK,79.72,64.6,3.68,0,15,6,0
Coupler,EQUIP_0090,259,34.2,2.85,42,207.8,47.7,OK,86.09,64,0.73,2,30,14,0
Coupler,EQUIP_0091,171,36.3,3.74,42,118.6,72.9,OK,65.89,68,2.8,2,15,5,0
Coupler,EQUIP_0092,447,35.4,1.39,72,125.6,61.5,OK,66.11,68.6,1.86,1,30,4,0
Coupler,EQUIP_0093,127,43,2.1,50,191.5,65.2,OK,95.54,67.2,1.29,3,30,14,0
Coupler,EQUIP_0094,268,45.2,2.96,84,138.8,70.2,OK,73.81,70.6,0.34,2,60,4,0
Coupler,EQUIP_0095,388,39.5,1.82,69,136.5,33.8,OK,82.64,67,1.74,2,30,10,0
Coupler,EQUIP_0096,315,41.1,3.05,44,181,66.3,Low,82.52,71.3,1.68,0,45,7,0
Coupler,EQUIP_0097,277,39.2,2.95,81,107.4,52.4,OK,57.03,67.4,2.17,1,15,7,0
Coupler,EQUIP_0098,458,35.9,1.6,82,174.6,53.7,OK,63.59,73.2,2.72,0,45,2,0
Motor,EQUIP_0099,63,44.3,1.55,81,151.4,64.4,OK,80.63,68.4,1.19,1,30,13,0
Motor,EQUIP_0100,245,43.3,0.5,59,163.9,56.4,OK,43.99,76.2,3.76,3,60,7,0
Coupler,EQUIP_0101,398,30.5,1.78,62,163.4,65.9,OK,71.83,73.3,1.46,2,15,2,0
Coupler,EQUIP_0102,487,38.6,3.01,86,131.2,59.6,OK,62.02,71,2.6,2,45,4,0
Coupler,EQUIP_0103,231,35.6,3.16,81,181.5,61.7,Low,91.66,69,2.09,1,60,1,0
Coupler,EQUIP_0104,260,38,3.2,38,133.5,55.1,OK,80.19,62.4,1.8,0,30,5,0
Coupler,EQUIP_0105,322,36.6,2.22,83,162.3,49.4,OK,92.87,77.1,2.04,0,60,1,0
Coupler,EQUIP_0106,410,39.8,2.98,30,187.1,52.6,Low,74.41,66.6,1.06,2,45,4,0
Coupler,EQUIP_0107,121,38.4,3.4,73,191.4,59,OK,73.29,70.5,1.61,6,60,13,0
Coupler,EQUIP_0108,264,38.2,1.73,38,142,78.4,Low,70.43,71.7,0.66,1,45,9,0
Motor,EQUIP_0109,312,45.5,3.12,61,163.9,74.7,Low,67.45,69.1,1.45,2,60,13,0
Coupler,EQUIP_0110,416,42.8,3.66,44,139.2,53.5,OK,115.27,76.8,1.53,2,15,12,0
Motor,EQUIP_0111,216,36.5,2.51,41,225.1,60.6,OK,87.11,63.9,2.85,1,60,8,0
Coupler,EQUIP_0112,238,37.2,4.06,86,173.4,57.1,OK,59.01,78.7,1.67,1,15,6,0
Coupler,EQUIP_0113,350,42.5,2.53,37,152.5,61.3,OK,114.59,73.4,1.55,1,45,8,0
Motor,EQUIP_0114,407,42.5,2.14,56,159.4,62.6,OK,68.93,68.8,2.22,1,15,5,0
Coupler,EQUIP_0115,75,37,3.56,91,162.2,65.3,Low,79.82,68.8,2.18,2,60,7,0
Motor,EQUIP_0116,84,38.8,5.03,41,163.1,31,OK,89.09,58.9,1.41,1,15,8,0
Coupler,EQUIP_0117,444,49.2,3.09,94,142.8,63.7,OK,51.93,65.8,2.39,1,45,7,0
Coupler,EQUIP_0118,112,37.1,3.63,71,138.2,56,OK,62.59,68.2,1.82,0,60,14,0
Motor,EQUIP_0119,431,49.6,2.49,91,145.4,53,OK,99.72,70.9,1.41,2,15,4,0
Coupler,EQUIP_0120,201,45.5,1.76,40,115.8,67.9,OK,71.63,76.3,1.5,2,15,5,0
Motor,EQUIP_0121,261,48.6,3.17,72,171.5,74.7,OK,89.98,80.2,2.95,0,30,13,0
Coupler,EQUIP_0122,235,36.9,3.32,46,125.9,66.9,OK,68.2,71.4,1.53,1,15,14,0
Motor,EQUIP_0123,303,39.2,2.64,61,118.2,54.8,OK,73.57,71,2.26,4,30,10,0
Motor,EQUIP_0124,315,37.8,3.63,69,149.6,49.2,OK,101.78,67.5,0.72,1,45,6,0
Coupler,EQUIP_0125,107,45.6,2.35,52,146.1,29.9,OK,81.56,61.4,3.12,1,30,14,0
Coupler,EQUIP_0126,347,37.2,2.1,85,157.5,61.8,OK,69.83,67,1.42,1,45,14,0
Motor,EQUIP_0127,295,43.7,4.06,35,133,65.8,OK,64.75,69,2.4,3,15,12,0
Coupler,EQUIP_0128,344,43.4,4.07,79,138.2,59,OK,66.12,74.9,1.75,2,15,11,0
Coupler,EQUIP_0129,356,39.8,2.37,66,170.8,69.3,OK,93.62,72.6,2.39,2,30,6,0
Coupler,EQUIP_0130,444,46.5,4.72,93,168.9,46.8,OK,86.48,71.1,2.44,1,45,13,0
Motor,EQUIP_0131,456,40.5,2.71,83,167.7,58.3,OK,57.77,67.1,1.86,0,15,9,0
Motor,EQUIP_0132,491,44.2,3.08,78,151,57.5,OK,76.31,60.1,0.13,0,30,10,0
Motor,EQUIP_0133,317,37.5,2.92,40,155.1,58.9,OK,74,60.4,3.09,1,30,14,0
Motor,EQUIP_0134,258,36.4,3.52,78,156.9,71.7,OK,79.74,61.7,1.86,1,30,14,0
Motor,EQUIP_0135,175,43.7,3.27,50,130.3,59,OK,65.95,68.5,2.37,1,15,2,0
Motor,EQUIP_0136,490,42.2,3.26,95,194.2,57.1,OK,91.47,75,2.69,3,45,6,0
Motor,EQUIP_0137,481,41.2,1.98,92,189.9,50.6,Low,74.98,74.8,1.54,2,15,13,1
Motor,EQUIP_0138,344,38.3,1.31,57,173.8,73.3,OK,80.6,74,2.52,4,60,3,0
Motor,EQUIP_0139,39,47.7,4.14,46,137.2,45.7,OK,63.23,67.4,1.25,1,60,14,0
Coupler,EQUIP_0140,256,34.4,2.45,35,166.2,54.5,OK,63.99,75.7,2.39,1,15,2,0
Motor,EQUIP_0141,115,34.1,2.95,48,179.4,76.9,OK,114.86,65.3,2.02,7,45,6,0
Coupler,EQUIP_0142,60,44.7,3.33,85,113.3,64.7,Low,102,74.3,1.58,0,30,4,0
Coupler,EQUIP_0143,90,44.3,4.63,57,200.8,59.8,OK,73.95,61.6,2.05,8,60,5,0
Coupler,EQUIP_0144,142,41.8,3.16,95,97.8,60.2,Low,98,64.1,0.94,3,60,5,0
Motor,EQUIP_0145,294,38.6,2.61,67,171.1,50.5,OK,93.19,78.3,2.31,0,15,3,0
Motor,EQUIP_0146,397,42.5,2.48,66,193.6,59.3,OK,65.62,69,2.41,0,60,12,0
Motor,EQUIP_0147,147,48.6,2.96,97,146.6,56.5,OK,64.13,66.6,2.35,2,60,4,0
Motor,EQUIP_0148,193,52.6,2.09,78,145.5,61.8,OK,85.03,75.5,3.5,0,30,3,0
Coupler,EQUIP_0149,410,31.7,3.03,72,170,44.9,OK,78.9,76.1,1.91,1,30,7,0
Motor,EQUIP_0150,339,37.9,2.95,65,205.6,64,OK,68.97,67.8,1.97,1,45,1,0
Motor,EQUIP_0151,282,37.6,4.64,87,141.6,70.2,OK,85.82,71.4,0.83,1,60,6,0
Motor,EQUIP_0152,349,48.1,2.92,42,126.6,58,OK,53.36,70.7,3.57,1,45,4,0
Motor,EQUIP_0153,481,27.6,1.08,81,137.3,66.5,Low,76.73,55.9,0.5,1,45,1,0
Motor,EQUIP_0154,78,42.6,5.67,87,103.4,63.1,OK,56.42,63,2.23,0,30,1,0
Coupler,EQUIP_0155,43,38.7,3.96,61,176.9,53.9,OK,56.91,74.7,1.39,1,30,5,0
Motor,EQUIP_0156,271,48.2,5.08,89,134.6,49.4,OK,64.4,65.8,2.06,0,15,14,0
Coupler,EQUIP_0157,62,47.5,1.84,87,143.7,50.8,OK,80.45,72.6,0.69,2,30,5,0
Motor,EQUIP_0158,459,41.8,2.78,85,177.3,62.9,OK,64.87,71.3,2.89,1,45,10,0
Coupler,EQUIP_0159,214,32.1,3.67,57,138.7,59.4,OK,56.73,76.1,1.04,1,60,7,0
Motor,EQUIP_0160,135,37.1,3.54,30,172.8,72.8,Low,82.16,63.2,3.17,1,45,13,0
Motor,EQUIP_0161,244,37.7,3.31,71,118.9,67.9,OK,97.39,72,1.07,2,45,12,0
Coupler,EQUIP_0162,52,33.4,0.8,77,178.8,67.9,OK,84.58,69.7,2.98,1,45,4,0
Coupler,EQUIP_0163,249,45.8,1.29,69,160.3,62.6,OK,102.03,66.1,1.17,2,30,14,0
Coupler,EQUIP_0164,468,32.7,4.52,92,147.3,50.4,OK,96.14,66,1.39,1,45,9,0
Motor,EQUIP_0165,380,49.8,4.7,33,153.9,63.3,OK,67.69,71.1,2,2,15,4,0
Coupler,EQUIP_0166,120,49.8,2.89,67,111.4,60.6,OK,84.48,73.1,1.15,3,60,7,0
Motor,EQUIP_0167,258,38.1,4.39,56,153.2,48.6,OK,73.63,70.3,1.12,1,30,5,0
Motor,EQUIP_0168,160,41.6,1.98,38,145.7,72.1,Low,90.93,70.5,1.16,2,45,5,0
Coupler,EQUIP_0169,192,39.6,2.21,45,112.2,71,OK,73.62,67.5,2.32,0,15,6,0
Coupler,EQUIP_0170,345,44.5,1.9,85,129.9,48.6,OK,63.17,67.8,2,3,60,8,0
Motor,EQUIP_0171,104,46.4,2.15,60,146.1,53.6,OK,95.6,66,2.05,2,45,5,0
Motor,EQUIP_0172,468,41.3,3.72,43,131.8,54.5,OK,79.77,67.4,1.68,0,60,3,0
Coupler,EQUIP_0173,383,42.3,2.14,54,77.6,66.1,OK,65.05,73,2.55,5,30,6,0
Coupler,EQUIP_0174,409,36.9,5.24,63,182.3,64.9,OK,67.52,73.5,3.05,3,30,14,1
Coupler,EQUIP_0175,17,42.2,3.46,96,145.7,60.4,OK,64.95,63.6,2.58,2,15,12,0
Motor,EQUIP_0176,397,40.8,4.08,53,81.8,62.7,Low,59.97,65.5,1.79,2,30,14,1
Motor,EQUIP_0177,369,35.4,3.49,55,214,47.1,Low,67.84,66.4,0.78,2,15,2,0
Motor,EQUIP_0178,397,39.9,4.21,49,187.2,63.8,OK,80.6,69.7,0.02,3,45,12,0
Motor,EQUIP_0179,193,38.1,2.13,93,139.5,59,Low,75.96,61.6,1.94,1,60,12,0
Motor,EQUIP_0180,290,37,4.45,39,124.7,53.2,OK,68.43,65.6,0.01,1,30,8,0
Motor,EQUIP_0181,204,34.3,3.14,96,162.1,44.7,OK,97.43,63.1,1.8,1,60,8,0
Coupler,EQUIP_0182,361,40.3,4.21,53,156.1,60.3,Low,44.84,72,3.4,3,60,3,1
Motor,EQUIP_0183,204,36.1,1.56,34,166.3,63.6,OK,79.59,69.9,0.85,1,45,12,0
Motor,EQUIP_0184,164,37.6,3.18,96,124.8,43,OK,72.86,67.7,0.71,4,45,8,0
Motor,EQUIP_0185,102,45.4,3.15,87,182.9,60.2,OK,60.45,64.7,2.64,0,30,9,0
Coupler,EQUIP_0186,169,43.2,2.38,56,135.8,61.2,OK,80.47,67.8,0,1,45,5,0
Motor,EQUIP_0187,443,35.1,3.31,44,170.4,54.5,Low,71.7,67.2,2.38,4,60,5,1
Motor,EQUIP_0188,70,41.8,4.54,64,126.1,63.8,OK,93.71,78.2,3.47,1,15,6,0
Coupler,EQUIP_0189,131,40.7,2.3,82,229.4,58.7,OK,88.02,75,1.13,1,15,7,0
Motor,EQUIP_0190,60,48.5,3.96,73,170.9,62.8,OK,103.59,66.5,0.96,2,15,3,0
Motor,EQUIP_0191,412,46.9,1.87,55,236.5,65.3,OK,67.75,70.8,2.59,0,30,5,0
Motor,EQUIP_0192,286,32.3,5.11,76,174.8,65.3,OK,95.95,74.7,0.83,0,45,1,0
Motor,EQUIP_0193,14,44.3,3.78,63,133.2,70.2,OK,57.51,66.5,2.81,0,45,11,0
Motor,EQUIP_0194,475,46.3,4.73,79,174.9,63.4,OK,73.34,62.9,0.91,0,45,10,0
Coupler,EQUIP_0195,101,42.8,3.67,41,177,55.2,OK,68.02,61,3.77,3,45,5,0
Coupler,EQUIP_0196,179,38.3,3.39,33,161.2,53.5,Low,84.04,76.4,2.66,0,60,4,0
Coupler,EQUIP_0197,326,52.1,3.79,77,168.9,49.4,OK,83.67,69,2.04,5,15,1,0
Motor,EQUIP_0198,31,43.3,2.86,84,172.9,61.5,OK,61.49,71.5,3.71,1,60,7,0
Motor,EQUIP_0199,414,49.9,1.38,30,120.2,73.2,OK,84.87,67.1,3.03,0,30,1,0
Motor,EQUIP_0200,335,46.8,3.45,95,118.1,56.4,Low,69.29,63.7,2.37,0,15,13,0
Coupler,EQUIP_0201,10,42.3,2.24,59,126.2,64.5,Low,62.75,64.6,0.14,2,15,8,0
Motor,EQUIP_0202,142,37.1,1.9,32,153.8,52.5,OK,74.82,63.3,1.3,3,60,14,0
Motor,EQUIP_0203,242,39.9,3.64,50,143.3,61.9,OK,52.85,74.2,3.09,2,30,10,0
Coupler,EQUIP_0204,21,38.9,2.72,78,120.7,72.6,OK,88.97,77.5,0.7,2,30,12,0
Motor,EQUIP_0205,355,33.9,4.03,91,173.3,66.9,OK,74.17,70.2,1.23,1,15,2,0
Coupler,EQUIP_0206,55,43.3,2.21,67,158.5,44.3,OK,74.49,62.4,0.98,1,45,10,0
Coupler,EQUIP_0207,43,47.8,2.53,44,155.1,65.7,OK,73.69,72.5,2.4,4,30,13,0
Coupler,EQUIP_0208,442,38.5,4.15,81,142.3,66.2,Low,99.7,76.3,2.96,2,60,12,0
Motor,EQUIP_0209,87,50.8,3.28,75,138.7,61.7,OK,97.78,74.9,2.96,5,30,5,0
Motor,EQUIP_0210,227,32.2,1.52,54,124.8,66.7,Low,95.26,69.9,1.15,1,15,13,0
Motor,EQUIP_0211,310,45.3,3.26,50,178,51.7,OK,73.72,68.8,2.39,1,45,6,0
Motor,EQUIP_0212,420,48.4,4.48,34,128.9,60.6,OK,58.27,69.8,1.1,1,30,9,0
Motor,EQUIP_0213,82,39,2.52,99,156.3,71.1,OK,74.76,76.1,1.79,5,15,14,0
Motor,EQUIP_0214,291,39.1,3.6,76,199.9,70.2,OK,79.72,73.8,2.52,1,30,7,0
Motor,EQUIP_0215,258,45.2,2.15,97,140,65.5,OK,87.19,68.1,3.06,2,45,6,0
Coupler,EQUIP_0216,56,42.5,2.86,47,178.8,51.2,Low,79.67,67.9,0,0,60,5,0
Motor,EQUIP_0217,130,30,4.09,50,167.1,49.6,Low,59.6,67.6,2.1,1,15,6,0
Coupler,EQUIP_0218,223,35.8,3.22,52,159.3,61.1,Low,66.97,64.7,3.41,2,15,14,0
Motor,EQUIP_0219,248,39.9,4.29,93,162.9,61.8,OK,65.61,76.8,2.23,1,45,11,0
Motor,EQUIP_0220,65,33.2,3.43,96,147.2,59,Low,83.09,66.1,2.08,0,15,4,0
Motor,EQUIP_0221,359,37.6,5.22,69,151,52,OK,83.45,72.5,1.44,2,45,1,0
Coupler,EQUIP_0222,116,33.3,1.44,39,133.6,64.4,OK,85.42,66.7,3.38,0,15,12,0
Coupler,EQUIP_0223,328,38.1,2.78,81,151.2,61.1,OK,79.52,67.6,1.48,1,45,9,0
Coupler,EQUIP_0224,57,38.3,1.92,90,132.4,62.9,OK,44.11,69.4,1.9,1,30,11,0
Coupler,EQUIP_0225,70,41.8,1.98,93,180.2,65.9,OK,49.11,72.7,1.53,0,30,5,0
Motor,EQUIP_0226,346,39.5,1.99,34,99,57.3,OK,72.9,68.7,2.11,0,30,8,0
Coupler,EQUIP_0227,35,42.5,3.17,82,164.4,55.1,Low,76.47,64.3,3.43,4,15,7,0
Motor,EQUIP_0228,301,41.9,3.23,84,160.1,71.1,OK,93.8,70.1,1.09,2,45,8,0
Motor,EQUIP_0229,266,45.2,3.43,66,157.4,52.4,OK,76.17,66.2,2.11,2,45,1,0
Coupler,EQUIP_0230,17,44.4,1.88,85,180.7,55.3,Low,60.36,77.7,2.39,3,60,9,0
Coupler,EQUIP_0231,122,43.8,2.68,88,141.4,72.3,OK,84.93,68.7,1.19,0,30,1,0
Coupler,EQUIP_0232,364,55.5,2.04,98,157.7,54.5,Low,74.74,66.7,1.94,1,60,3,0
Coupler,EQUIP_0233,262,41.7,3.94,88,98.5,59,OK,68.97,79.9,3.85,1,30,8,0
Coupler,EQUIP_0234,189,53,2.13,31,137.5,55.9,OK,50.78,73.7,0.23,2,60,12,0
Coupler,EQUIP_0235,216,42.1,2.79,94,175.7,42.2,OK,76.28,65.5,1.58,1,30,11,0
Coupler,EQUIP_0236,312,39.6,3.56,89,109.8,58.8,OK,78.43,66,2.25,1,45,1,0
Coupler,EQUIP_0237,136,38.1,2.38,80,154.8,49.9,OK,60.06,72.4,1.62,1,30,14,0
Motor,EQUIP_0238,65,47.5,3.69,59,129.7,62.5,OK,86.17,70.2,4.89,2,15,1,0
Coupler,EQUIP_0239,223,48.2,4.6,40,146.7,71.1,OK,84.82,74.5,2.55,1,30,6,0
Coupler,EQUIP_0240,23,43,3.19,68,131.5,37.9,Low,75.73,66.7,0.96,2,30,5,0
Motor,EQUIP_0241,483,45.7,3.9,92,112.6,55.9,OK,75.18,73.5,0,2,45,11,0
Coupler,EQUIP_0242,37,33.6,0.93,93,161.6,64.5,OK,89.19,58.8,2.34,0,15,6,0
Motor,EQUIP_0243,480,32.3,2.57,90,148.5,38.2,OK,80.51,69.2,1.24,7,45,3,0
Motor,EQUIP_0244,87,46.2,3.18,83,168.4,73.4,OK,64.47,66.9,3.29,1,60,10,0
Coupler,EQUIP_0245,225,39.4,1.95,87,173.8,63.8,OK,72.04,67.7,1.73,2,60,12,0
Motor,EQUIP_0246,395,43.7,3.21,85,186.8,70.8,Low,83.35,69.5,1.43,0,15,10,0
Motor,EQUIP_0247,374,36.4,4.06,63,154,54.4,OK,44.52,75.7,1.41,0,60,6,0
Motor,EQUIP_0248,163,48.3,1.12,60,188.1,55.6,OK,61.03,64.2,2.99,3,15,2,0
Motor,EQUIP_0249,23,32.3,1.81,81,120.7,58.4,OK,85.23,59.1,2.42,1,30,8,0
Coupler,EQUIP_0250,196,33.1,3.18,30,177.3,81.4,OK,93.13,64.8,3.76,2,60,12,0
Motor,EQUIP_0251,321,47.2,3.46,84,163.8,73.2,Low,90.32,75.1,1.78,1,30,6,0
Coupler,EQUIP_0252,380,27,3.74,51,157,61.3,OK,88.4,61.8,2.86,1,45,13,0
Motor,EQUIP_0253,16,41.9,3.11,69,163.3,62.5,OK,76.95,67.1,2.88,3,60,13,0
Motor,EQUIP_0254,12,39.5,3.46,30,121.2,66.3,OK,59.57,74.2,2.67,1,45,4,0
Motor,EQUIP_0255,120,36.3,3.9,94,114.1,83.9,OK,72.05,69.7,1.49,1,45,4,0
Motor,EQUIP_0256,416,39,2.59,92,201.3,63.8,OK,45.1,75.6,2.47,2,15,14,0
Coupler,EQUIP_0257,247,35.8,2.39,83,144.9,60.5,OK,94.51,59.8,1.9,3,45,11,0
Coupler,EQUIP_0258,372,47.7,2.83,71,144.5,56.6,Low,62.74,68.4,1.88,1,15,7,0
Motor,EQUIP_0259,248,49,3.2,50,116.9,62.3,Low,67,76.7,1.19,3,15,14,0
Motor,EQUIP_0260,283,36.6,2.34,51,105.5,54.1,OK,90.88,64.4,0,1,15,3,0
Coupler,EQUIP_0261,303,41.4,2.61,67,147.4,65,OK,50.78,75.2,3.25,0,15,11,0
Motor,EQUIP_0262,236,33.4,3.4,37,139.8,45.7,OK,57.16,68.8,2.43,1,15,3,0
Motor,EQUIP_0263,380,45.4,3.16,91,150.1,57.4,Low,79.02,72.2,0.66,1,30,6,0
Motor,EQUIP_0264,24,45.2,2.81,76,152.6,67.3,Low,82.81,76.3,2.72,3,15,9,0
Coupler,EQUIP_0265,201,38.5,1.26,46,224.7,63.7,Low,73.92,72.1,3.27,3,60,1,0
Coupler,EQUIP_0266,482,40.1,3,46,139.8,55.4,OK,74.41,67,2.78,2,15,5,0
Coupler,EQUIP_0267,128,39.5,2.03,42,197.4,57.7,OK,94.03,72.8,1.11,4,30,1,0
Motor,EQUIP_0268,494,31.9,3.98,46,199.3,70.4,Low,84.54,66.7,1.27,2,60,1,0
Motor,EQUIP_0269,37,47.7,2.69,67,172.6,47.9,OK,82.52,71.4,1.45,2,60,3,0
Coupler,EQUIP_0270,211,36.2,2,74,142.9,48,OK,86.63,63.7,2.86,0,30,3,0
Coupler,EQUIP_0271,48,36.2,2.94,35,109.2,50.7,OK,70.49,70.1,2.48,2,60,4,0
Coupler,EQUIP_0272,450,39.2,4.27,64,164.3,59.9,OK,107.6,75.9,4.79,4,30,3,0
Coupler,EQUIP_0273,282,45,3.63,43,180.6,46.4,OK,40.39,68.5,0.36,2,45,6,0
Motor,EQUIP_0274,240,37,3.22,90,202.4,69.5,OK,96.87,75.5,1.95,1,45,12,0
Coupler,EQUIP_0275,95,30.2,1.67,44,121.5,50.8,OK,88.53,85.5,0.07,2,15,4,0
Motor,EQUIP_0276,483,35.6,4.62,83,142.7,62.2,Low,78.72,69.9,2.6,0,15,8,0
Coupler,EQUIP_0277,135,42.1,2.38,56,121.7,54.2,OK,76.2,73.1,3.07,2,15,1,0
Motor,EQUIP_0278,309,50.9,3.93,42,131,59.3,OK,72.67,72.4,3.44,2,15,8,0
Coupler,EQUIP_0279,34,33.7,2.67,60,169.9,44,OK,91.55,71.1,2.19,2,30,11,0
Coupler,EQUIP_0280,154,33.5,3.84,64,129.6,70,OK,74.4,73.9,0.09,4,45,1,0
Coupler,EQUIP_0281,22,32.4,4.31,89,125.3,50.4,OK,64.08,68.8,1.95,1,30,11,0
Coupler,EQUIP_0282,221,31.8,3.65,35,173.9,49.3,OK,88.53,66.7,2.44,2,60,1,0
Motor,EQUIP_0283,34,46,3.76,98,163.5,83.8,OK,98.77,62.4,0.99,1,60,7,0
Coupler,EQUIP_0284,77,47.5,2.9,87,160.5,65.5,OK,46.09,68.3,1.74,0,60,1,0
Motor,EQUIP_0285,403,40.9,2.57,78,130.4,69.6,Low,110.36,74.5,0.72,1,60,9,0
Motor,EQUIP_0286,76,37.7,3.14,52,188.8,64.6,OK,59.45,65.3,1.39,1,60,14,0
Motor,EQUIP_0287,242,49,2.66,63,150.4,55.5,OK,60.6,71.2,2.91,0,45,8,0
Motor,EQUIP_0288,118,40.9,5.47,55,221.4,46.9,OK,56.33,69.4,2.68,0,30,13,0
Coupler,EQUIP_0289,155,45.4,2.01,76,154.8,57,Low,75.01,66.9,0.6,3,60,1,0
Motor,EQUIP_0290,120,37.4,4,34,80,50.2,OK,55.8,60.7,1.3,3,15,2,0
Motor,EQUIP_0291,237,40.2,3.52,49,78.7,50.8,Low,57.63,76.8,2.06,1,45,2,0
Motor,EQUIP_0292,120,33.8,3.23,35,168.7,44.2,Low,64.67,72.6,2.23,1,15,2,0
Coupler,EQUIP_0293,479,43.1,4.48,99,189,61.1,Low,77.08,83.3,1.34,2,45,6,0
Coupler,EQUIP_0294,43,41,3.3,88,126.5,75.7,Low,78.52,75.4,2.48,3,45,4,1
Coupler,EQUIP_0295,120,35.5,2.37,93,213,65.6,OK,93.62,76.7,1.96,2,15,8,0
Coupler,EQUIP_0296,273,35.6,3.29,47,199.9,58.9,OK,93.27,61.3,0,0,15,1,0
Motor,EQUIP_0297,433,48.1,2.82,33,156.3,59.6,Low,90.37,61.2,1.43,1,60,10,0
Motor,EQUIP_0298,378,49.9,3.5,46,166.2,29.5,OK,71.08,70.2,1.4,3,15,14,0
Coupler,EQUIP_0299,245,38.9,3.81,43,176.8,55.8,OK,47.38,64.3,2.68,0,30,4,0
Motor,EQUIP_0300,92,40.3,2.14,42,206.7,45.7,OK,47.05,66.6,2.7,0,45,10,0
Motor,EQUIP_0301,51,42,4.2,36,170.5,61.3,OK,90.27,82.6,0.33,4,45,11,0
Motor,EQUIP_0302,434,40.7,2.75,73,155.6,57.4,Low,87.66,75.9,2.44,4,60,5,0
Coupler,EQUIP_0303,110,31.6,3.44,44,170.2,51.3,OK,65.75,65.3,1.93,2,45,9,0
Coupler,EQUIP_0304,15,42.1,3.62,48,166.1,61.1,OK,53.39,58.2,2.13,0,15,5,0
Motor,EQUIP_0305,189,29.6,3.37,92,177.7,61,Low,59.29,64.9,1.39,2,45,13,0
Coupler,EQUIP_0306,291,36.3,2.89,64,102.9,75.2,Low,77.62,67.2,1.94,1,45,11,1
Coupler,EQUIP_0307,329,42.5,2.51,64,159.5,66.9,OK,77.65,68.4,3.15,1,15,3,0
Coupler,EQUIP_0308,235,43,2.73,48,163.8,62.2,OK,90.64,63.6,2.11,0,15,11,0
Coupler,EQUIP_0309,452,35.9,4.57,49,147.8,50.5,OK,68.24,75.6,1.96,0,45,4,0
Coupler,EQUIP_0310,449,37.7,2.13,64,173.5,49.3,OK,71.34,66.4,1.52,0,30,10,0
Motor,EQUIP_0311,324,37,2.28,61,207.6,66,OK,91.88,73.2,3.05,2,15,7,0
Coupler,EQUIP_0312,374,39.5,2.24,77,154.1,58,OK,43.12,70.3,0.72,2,30,1,0
Motor,EQUIP_0313,463,39.9,3.14,73,170.8,62.5,OK,79.76,74.7,1.2,0,30,11,0
Motor,EQUIP_0314,238,43.3,1.48,53,198.2,69.8,OK,69.99,68.8,0.66,0,60,6,0
Coupler,EQUIP_0315,386,37.4,1.65,90,154.8,44.9,OK,85.69,65.4,2.2,1,30,8,0
Motor,EQUIP_0316,298,41.9,2.74,46,123.3,74,OK,82.69,67,3.18,0,60,1,0
Motor,EQUIP_0317,446,42.5,1.71,79,168.5,69.7,OK,64.56,67.1,1.67,1,30,8,0
Motor,EQUIP_0318,159,41,1.79,94,84,39.5,OK,67.39,80.3,0.93,1,60,7,0
Coupler,EQUIP_0319,286,38.7,1.72,61,81,83.5,OK,40.47,70.4,3.64,0,15,1,0
Coupler,EQUIP_0320,207,40.9,2.15,65,160,63.2,OK,86.25,70,2.45,0,45,9,0
Motor,EQUIP_0321,79,43.8,3.73,42,79.7,55.2,OK,78.6,74.4,2.28,5,45,11,0
Coupler,EQUIP_0322,121,44.2,3.96,99,110.5,65.2,Low,95.98,70,1.81,3,60,3,0
Coupler,EQUIP_0323,13,49.1,4.92,87,138.6,50.2,OK,69.01,75.6,2.67,2,15,2,0
Coupler,EQUIP_0324,359,35,4.88,43,128.4,65.5,OK,88.72,68.1,2.26,1,60,7,0
Coupler,EQUIP_0325,340,37.8,3.79,66,145.6,52.1,OK,58.95,67.6,1.52,1,60,11,0
Motor,EQUIP_0326,455,31.9,4.03,97,183.4,80.2,Low,34.43,65.1,1.69,2,15,3,1
Motor,EQUIP_0327,327,44.7,3.13,69,157.2,60.6,OK,73.58,79.3,0.98,3,30,1,0
Coupler,EQUIP_0328,359,38.3,3.52,88,124.8,66.5,OK,66.5,69.7,0.86,1,30,10,0
Coupler,EQUIP_0329,104,41,4.94,45,190.6,52.1,OK,59.24,64.1,1.7,0,15,13,0
Motor,EQUIP_0330,161,37,3.37,91,107.1,68.2,OK,88.47,71,3.15,0,60,3,0
Motor,EQUIP_0331,320,38.4,4.15,33,156.7,59.9,Low,93.12,66.7,0.97,2,45,6,0
Coupler,EQUIP_0332,146,46.1,2.07,74,103.8,45.9,OK,76.58,68.1,2.84,2,60,3,0
Motor,EQUIP_0333,256,43.5,2.33,57,157.6,57.6,OK,72.26,71.6,1.2,1,30,5,0
Coupler,EQUIP_0334,396,39.4,3.31,95,140.4,79.3,OK,75.94,77.6,0.21,1,15,9,0
Coupler,EQUIP_0335,252,43.8,3.15,60,182.5,68.6,OK,65.21,70.5,2.55,3,15,7,0
Motor,EQUIP_0336,40,43.9,2.38,32,171.6,56.2,OK,83.44,66.4,3.63,1,15,2,0
Motor,EQUIP_0337,49,38,5.41,37,132.4,41.3,OK,51.91,67.5,1.14,1,30,1,0
Coupler,EQUIP_0338,238,32.7,3.17,53,126.6,51.7,OK,58.9,73.3,0.43,1,60,7,0
Coupler,EQUIP_0339,45,35.5,2.56,44,140.5,45.9,OK,63.13,60.2,2.45,1,15,4,0
Motor,EQUIP_0340,417,33.3,3.15,72,206.3,41.5,OK,83.12,64.8,1.08,0,45,11,0
Coupler,EQUIP_0341,232,45.8,3.03,60,198.6,67.9,Low,70.46,71.1,2.54,3,15,7,0
Motor,EQUIP_0342,15,46.7,3.19,74,121,60.6,OK,95.41,61.5,3.15,2,60,6,0
Coupler,EQUIP_0343,331,47.9,1.41,95,174,78,Low,87.05,68.4,2.33,2,30,7,1
Motor,EQUIP_0344,477,29.9,4.29,37,98.1,50,OK,62.98,67.6,2.81,2,45,4,0
Motor,EQUIP_0345,229,45.4,4.35,86,136.6,60,Low,84.5,74.4,2.82,1,45,3,0
Motor,EQUIP_0346,84,51.1,4.47,59,122.2,46.1,OK,68.88,68.7,2.99,2,15,12,0
Coupler,EQUIP_0347,13,45.6,3.33,47,182.1,54.1,OK,82.1,75.9,2.05,0,60,5,0
Coupler,EQUIP_0348,344,29.2,3.66,98,111.3,57.8,Low,87.78,70.4,2.78,0,15,3,0
Motor,EQUIP_0349,143,48.8,2.13,68,162.9,56.3,OK,91.72,78.9,2.16,2,45,14,0
Coupler,EQUIP_0350,127,40.2,3.83,89,150,60.5,OK,78.03,63.1,2.39,0,15,3,0
Motor,EQUIP_0351,378,38.8,3.25,72,144.7,69.7,OK,99,78.1,5.05,1,60,4,0
Motor,EQUIP_0352,103,42.3,2.54,74,200.1,68.7,OK,81.62,67.9,2.24,1,30,8,0
Coupler,EQUIP_0353,495,34.8,3.86,52,202.8,52.3,OK,77.03,77.4,0.5,6,45,2,0
Coupler,EQUIP_0354,444,40,3.9,98,145.7,59.7,OK,70.46,75.9,1.8,0,60,4,0
Motor,EQUIP_0355,71,48.1,3.06,35,139.6,67.9,OK,65.53,55.7,1.69,0,15,11,0
Coupler,EQUIP_0356,450,43.1,3.44,85,104.8,70.4,OK,81.3,72.4,1.74,2,45,3,0
Coupler,EQUIP_0357,203,40.3,1.97,33,149.9,53.4,OK,76.51,75,2.95,2,15,7,0
Motor,EQUIP_0358,344,40.4,4.24,52,208.6,67.1,OK,78.91,76.6,3.13,1,15,2,0
Motor,EQUIP_0359,212,34.1,2.1,35,146.1,63.3,OK,82.21,64.1,1.89,0,30,1,0
Coupler,EQUIP_0360,401,39.3,2.29,61,171.9,49.3,Low,78.85,73,0.61,5,15,10,0
Motor,EQUIP_0361,35,31.8,3.06,47,108.1,68,OK,105.2,71,2.1,3,15,1,0
Motor,EQUIP_0362,444,45.1,4.11,44,137,61.5,OK,67.08,72.2,1.46,1,60,6,0
Coupler,EQUIP_0363,182,29.1,4.11,69,163.9,42.6,OK,81.48,75,2.21,2,15,3,0
Motor,EQUIP_0364,309,44.3,3,35,153.2,57.1,OK,71.58,75.8,1.88,2,30,7,0
Motor,EQUIP_0365,142,44.9,3.77,92,174.7,60.4,OK,38.08,66.7,3.22,0,15,8,0
Coupler,EQUIP_0366,335,46.6,1.31,96,131.9,53.9,OK,72.1,71.3,2.27,4,15,5,0
Coupler,EQUIP_0367,419,40.4,2.28,40,97.5,72.3,OK,60.95,70.2,1.46,0,15,5,0
Motor,EQUIP_0368,127,44.6,2.3,72,183.7,72.6,OK,74,68.8,0.61,0,45,12,0
Motor,EQUIP_0369,333,39.2,4.25,46,121.9,56.2,OK,74.6,69.3,1.95,2,30,2,0
Coupler,EQUIP_0370,284,34.1,3.65,33,165.2,55.1,OK,80.78,71,1.96,0,45,8,0
Coupler,EQUIP_0371,221,47.7,3.18,92,163.5,58.7,OK,67.05,67,1.74,0,30,10,0
Coupler,EQUIP_0372,234,39.5,3.28,97,100.1,58,OK,68.92,74.4,2.78,1,30,13,0
Coupler,EQUIP_0373,29,33,4.57,70,181.5,54.1,Low,85.51,76.3,0.62,0,60,1,0
Motor,EQUIP_0374,122,37.7,2.83,34,133,22.9,OK,62.86,65.9,1.24,2,45,10,0
Coupler,EQUIP_0375,149,37.9,1.69,61,151.7,77.5,OK,47.42,76.6,2.05,2,30,9,0
Coupler,EQUIP_0376,56,42.3,4.09,99,139.3,60,OK,77.36,65.9,1.44,1,30,1,0
Motor,EQUIP_0377,10,51.7,3.18,64,198.7,58.2,OK,91.06,74.5,1.64,2,60,1,0
Coupler,EQUIP_0378,99,42.6,3.95,51,190.3,63.3,OK,85.34,76.6,1.94,1,45,1,0
Motor,EQUIP_0379,151,41,2.96,94,95.6,59.2,OK,77.63,69.5,2.69,1,15,7,0
Coupler,EQUIP_0380,329,52.3,2.16,51,217.8,55.7,OK,93.76,65.9,1.9,1,60,4,0
Coupler,EQUIP_0381,47,44.9,3.4,40,129.7,49.9,OK,91.23,67.1,0.03,3,30,12,0
Coupler,EQUIP_0382,302,41.3,3.01,32,213.1,41.6,OK,70.04,71.8,1.4,2,45,7,0
Motor,EQUIP_0383,391,37.6,3.18,38,142.3,46.5,OK,78.71,79.8,2.5,2,30,5,0
Motor,EQUIP_0384,148,41.6,4.62,89,139.8,48.8,OK,79.36,61.5,2.76,0,60,12,0
Coupler,EQUIP_0385,365,39.7,1.9,43,142.6,66.5,OK,73.7,70.5,2.82,1,60,14,0
Motor,EQUIP_0386,342,40.5,3.29,47,138,67.2,OK,92.01,69.6,3.1,1,45,7,0
Motor,EQUIP_0387,268,46.6,2.18,52,225.7,51.2,OK,72.72,67.7,2.12,2,60,10,0
Motor,EQUIP_0388,170,37.3,0.5,76,147.7,33.4,OK,67.5,69.6,2.26,2,60,14,0
Motor,EQUIP_0389,399,42.6,2.95,98,140.9,60.1,Low,36.13,67.3,0.99,3,15,7,1
Motor,EQUIP_0390,187,44.7,3.03,76,152.3,55.8,OK,63.03,76.2,0,0,30,4,0
Motor,EQUIP_0391,19,36.7,3.62,59,121,55.5,OK,55.27,76.7,0.58,2,15,2,0
Coupler,EQUIP_0392,270,35.9,2.78,54,197.9,69.6,OK,74.39,70.4,1.3,1,15,8,0
Coupler,EQUIP_0393,416,39.2,1.51,57,105.9,61.4,Low,56.19,69.3,0.64,2,45,2,0
Motor,EQUIP_0394,147,37.7,2.18,54,131.6,50.2,OK,84.13,67.5,1.71,0,60,9,0
Coupler,EQUIP_0395,181,45.8,4.32,87,178.1,47.9,OK,91.63,70.5,1.54,3,30,5,0
Coupler,EQUIP_0396,395,35,2.16,70,151.3,57.4,OK,74.53,79.2,2.94,1,30,9,0
Coupler,EQUIP_0397,22,40.3,4.58,54,166.5,50.9,OK,60.24,69.5,1.03,4,30,9,0
Coupler,EQUIP_0398,177,52.7,4.05,77,196,59.3,OK,79.3,65.8,2.14,2,60,14,0
Motor,EQUIP_0399,139,42.1,2.68,39,180.1,70.3,OK,103.4,68,1.58,2,30,8,0
Coupler,EQUIP_0400,93,42.9,2.27,40,154.1,46.2,OK,98.74,73.8,0.99,1,30,8,0
Coupler,EQUIP_0401,330,45.8,4.05,50,212.7,60.9,OK,53.91,66.4,1.27,1,60,4,0
Motor,EQUIP_0402,328,37.7,2.76,74,131.1,69.2,Low,53.35,69.8,0,0,45,14,0
Motor,EQUIP_0403,110,34.6,1.45,36,147,59.1,OK,49.51,72.4,2.75,5,30,4,0
Coupler,EQUIP_0404,338,40.9,3.56,93,149.1,67.2,OK,57.95,66.8,3.4,3,60,14,1
Coupler,EQUIP_0405,282,41.3,3.42,93,146.9,57.1,OK,78.77,61.2,1.73,2,15,2,0
Coupler,EQUIP_0406,274,31.9,4.14,31,117.9,61.7,OK,66.65,64.6,2.03,1,60,4,0
Coupler,EQUIP_0407,468,41.9,3.35,71,102.5,64.4,OK,62.42,65.7,1.7,4,15,4,0
Coupler,EQUIP_0408,408,45.3,2.45,83,162.5,54.3,OK,90.59,68.9,1.18,1,60,6,0
Coupler,EQUIP_0409,417,35.4,4.27,45,131,79.9,OK,82.95,70.2,2.7,4,30,3,0
Motor,EQUIP_0410,47,42.2,4.37,47,207.2,65.8,OK,49.43,74.1,2.32,1,45,2,0
Coupler,EQUIP_0411,428,44.5,3.23,88,147.8,73,OK,89.73,63.9,0,1,45,8,0
Coupler,EQUIP_0412,103,42.9,3.06,45,142.5,70.7,OK,82.59,73.4,0.97,0,30,2,0
Motor,EQUIP_0413,104,43.4,1.68,35,182.8,63.3,OK,82.92,68.1,0,2,15,8,0
Motor,EQUIP_0414,314,38.8,2.39,86,162.1,73.9,OK,66.44,61.1,3.56,1,60,7,0
Motor,EQUIP_0415,78,34.4,3.76,76,144.7,61.9,OK,72.19,70.1,1.83,2,30,3,0
Motor,EQUIP_0416,327,37.8,2.44,77,130.8,52.7,OK,45.41,76.6,2.24,1,60,6,0
Coupler,EQUIP_0417,453,37.1,1.54,71,259.7,60.1,OK,88,74.4,1.65,0,30,6,0
Coupler,EQUIP_0418,245,39.6,6.5,89,160.9,49.9,OK,60.02,69.6,3.1,1,30,10,0
Coupler,EQUIP_0419,443,45.5,1.54,33,182.5,39,OK,61.94,75.6,2.86,3,60,14,1
Coupler,EQUIP_0420,343,33.4,5.26,31,119.3,51.5,OK,61.74,71,1.78,2,45,5,0
Coupler,EQUIP_0421,382,40.7,2.69,88,132.7,60.7,OK,102.01,74.9,3.72,1,45,13,0
Coupler,EQUIP_0422,385,34.7,2.92,56,213.4,70.6,Low,64.97,61.7,2.19,2,15,8,0
Motor,EQUIP_0423,468,36.3,2.33,56,191.9,51.4,OK,89.13,63.8,0.54,2,60,11,0
Coupler,EQUIP_0424,146,42.8,3.78,36,163.7,70.1,OK,74.64,73.6,2.1,5,15,12,0
Motor,EQUIP_0425,427,34.1,1.56,92,138.6,47.9,OK,62.56,77.7,2.52,2,30,5,0
Motor,EQUIP_0426,85,43.7,1.16,75,143,50.8,OK,59.84,72.1,1.87,0,15,7,0
Coupler,EQUIP_0427,492,33.2,4.61,92,129.7,74.5,OK,65.57,67.5,1.59,1,30,6,0
Motor,EQUIP_0428,44,43.3,2.2,41,115.3,60.5,OK,73.88,65.7,3.76,3,60,11,0
Coupler,EQUIP_0429,10,32.3,3.75,42,177.7,58.3,OK,84.03,68.4,0.81,1,60,7,0
Motor,EQUIP_0430,305,36.9,1.91,72,166.2,62.4,OK,67.94,76.1,0,1,60,13,0
Coupler,EQUIP_0431,329,49.5,3.71,46,172.1,47.9,OK,67.37,68.3,3.62,4,60,9,0
Motor,EQUIP_0432,415,48.5,4.68,92,139.9,56.7,OK,61.78,75.2,0.77,0,15,3,0
Coupler,EQUIP_0433,69,37.9,2.47,65,157.7,60,OK,57.09,73.3,1.71,0,30,10,0
Coupler,EQUIP_0434,329,41.9,1.07,37,137,72.3,OK,55.83,78.6,1.62,3,45,7,0
Coupler,EQUIP_0435,358,46,4.69,98,128.2,43.3,Low,89.82,71,3.23,1,60,13,0
Coupler,EQUIP_0436,337,43.4,3.93,65,200,77.6,OK,67.07,69.8,3.43,0,60,10,0
Coupler,EQUIP_0437,276,38.6,2.53,57,153.6,58.8,OK,68.4,75.5,0.71,1,30,3,0
Motor,EQUIP_0438,370,36.3,2.78,76,165.2,48.9,OK,65,65.3,3.36,0,45,13,0
Motor,EQUIP_0439,238,44.3,1.89,59,175.1,47.1,OK,70.25,67.8,3.34,0,60,2,0
Motor,EQUIP_0440,279,45.7,4.42,52,154,62.7,Low,80.57,61.6,2.02,2,45,12,0
Coupler,EQUIP_0441,325,48.6,2.47,45,157.2,46.5,Low,67.7,63.7,2.93,2,60,7,0
Motor,EQUIP_0442,295,31.6,1.58,43,117.4,54.4,OK,77.71,79.6,3.03,0,15,4,0
Coupler,EQUIP_0443,300,33.7,3.21,81,123.1,57.5,Low,96.27,73.5,1.75,1,15,1,0
Coupler,EQUIP_0444,222,45.8,2.14,66,121.6,71.4,OK,62.71,63.1,1.84,5,45,6,0
Motor,EQUIP_0445,174,32.2,1.97,58,168.2,70.2,OK,68.41,76,2.59,1,30,11,0
Motor,EQUIP_0446,14,46.2,2.57,96,152.1,53.6,Low,84.62,66.5,0.37,2,30,6,0
Coupler,EQUIP_0447,348,38.9,3.09,44,123.1,57.9,OK,97.46,73.2,1.65,1,15,6,0
Motor,EQUIP_0448,388,37.4,1.62,76,167.4,44,OK,56.37,73.1,0.8,2,30,2,0
Coupler,EQUIP_0449,87,41,4.39,75,166.3,39.6,OK,49.49,78.3,3.42,0,30,1,0
Coupler,EQUIP_0450,419,33.3,3.68,81,129.2,47.7,Low,74.99,67.3,1.63,2,30,3,0
Coupler,EQUIP_0451,71,44.1,2.63,48,149.2,71.2,OK,73.44,66.3,2.28,2,45,12,0
Coupler,EQUIP_0452,141,48.4,2.1,50,166.4,67.8,Low,85.5,56.6,1.78,2,45,14,0
Coupler,EQUIP_0453,98,44.4,2.91,93,124.2,63.8,OK,83.21,69.4,1.72,1,30,2,0
Motor,EQUIP_0454,246,38.8,3.9,66,167,45.4,OK,74.49,73.6,2.21,2,15,6,0
Motor,EQUIP_0455,51,32.3,3.74,56,159,52.9,Low,90.74,74.3,1.27,0,30,13,0
Coupler,EQUIP_0456,98,32.5,4.06,84,120,51.4,OK,64.78,76.3,1.8,3,60,12,0
Coupler,EQUIP_0457,411,33.4,2.52,58,156.6,58.3,Low,78.17,71.4,1.79,2,15,6,0
Motor,EQUIP_0458,305,39.9,0.5,49,161,57.7,OK,56.76,72.5,1.58,1,45,13,0
Motor,EQUIP_0459,337,40.6,4.25,54,131.2,50,OK,74.37,70.3,2.39,4,60,5,0
Coupler,EQUIP_0460,304,44.3,2.83,99,133.6,63.5,OK,53.08,73.5,1.55,2,30,10,0
Motor,EQUIP_0461,113,31,3.67,92,119.7,62.3,OK,58.26,65.3,3.61,3,30,10,0
Coupler,EQUIP_0462,23,46.6,4.67,65,136.5,52.7,OK,100.64,63,2.63,1,15,5,0
Motor,EQUIP_0463,297,43.5,5.43,31,149.6,63,Low,47.63,65.9,0.65,3,15,9,0
Coupler,EQUIP_0464,188,38.4,2.35,51,133.7,71.2,Low,71.75,71.1,2.55,1,30,14,0
Motor,EQUIP_0465,134,34.1,3.13,45,105.5,74.3,OK,87.41,63.5,1.31,2,30,5,0
Coupler,EQUIP_0466,431,46.2,4.37,47,129.3,64.9,Low,108.32,66.8,2.14,1,15,13,1
Motor,EQUIP_0467,362,38.5,2.16,98,137.5,64.6,Low,77.66,67,1.27,1,60,10,0
Motor,EQUIP_0468,32,39.9,2.42,83,174.5,57.6,OK,78.51,73.9,0,1,45,6,0
Coupler,EQUIP_0469,72,41.9,2.41,59,167.8,70.3,OK,75.6,73.3,1.98,2,15,11,0
Motor,EQUIP_0470,152,35.4,2.97,74,175.1,49.3,Low,90.86,70.4,0.57,2,60,4,0
Coupler,EQUIP_0471,490,38.6,2.78,48,127.8,69.1,OK,81.48,72.3,2.42,2,30,10,0
Motor,EQUIP_0472,162,44.3,2.41,63,154.2,57.1,Low,66.37,72.4,2.17,1,45,14,0
Coupler,EQUIP_0473,154,43.8,2.03,42,77.3,74.9,Low,91.73,68.2,1.4,1,60,14,0
Motor,EQUIP_0474,234,43.9,3.81,72,162.9,65.9,Low,68.07,67.3,3.83,1,45,1,0
Coupler,EQUIP_0475,459,34.2,4.34,91,168.3,59.3,OK,51.02,77.7,0.76,2,45,4,0
Motor,EQUIP_0476,471,38.8,4.48,51,139.5,57.6,OK,51.07,57.6,1.38,0,45,2,0
Coupler,EQUIP_0477,318,38,2.52,81,158.9,65.3,OK,71.98,66.3,0.88,2,60,10,0
Motor,EQUIP_0478,113,42.1,3.85,81,104.6,64.8,OK,76.55,69,4.04,1,60,3,0
Coupler,EQUIP_0479,113,41.7,3.24,65,126,56,OK,89.33,72.8,3.35,1,30,7,0
Coupler,EQUIP_0480,444,40.8,2.43,48,173,60.9,OK,84.61,75.7,0.58,0,45,7,0
Coupler,EQUIP_0481,48,52.3,3.73,67,165.3,69,OK,76.2,79.3,1.17,2,15,1,0
Motor,EQUIP_0482,444,38.5,2.38,99,137.6,46.4,Low,90.17,69.5,1.21,1,15,8,0
Coupler,EQUIP_0483,207,38,2.62,86,174.3,67.3,OK,75.19,69.9,1.45,1,15,7,0
Motor,EQUIP_0484,143,34.2,1.62,49,154.1,65.2,OK,55.64,71.8,0.96,1,60,1,0
Coupler,EQUIP_0485,76,32.3,2.54,38,134.9,71.9,OK,52.37,67.3,1.39,2,30,8,0
Motor,EQUIP_0486,400,33.9,3.25,61,144.5,52.8,OK,94.18,64.1,3,2,60,14,0
Coupler,EQUIP_0487,188,36.4,4.57,33,136.3,60.1,OK,41.32,69.5,3.95,1,45,14,0
Motor,EQUIP_0488,465,46.6,2.65,79,114.5,62.1,OK,71.99,73.7,0.46,1,15,2,0
Motor,EQUIP_0489,51,40.2,1.96,34,187.7,67.4,OK,119.73,68.8,0.96,3,60,8,0
Coupler,EQUIP_0490,457,41,4.5,49,133,64.3,OK,81.89,72.1,2.21,1,15,3,0
Motor,EQUIP_0491,24,39.5,2.5,66,125,47.6,OK,71.87,60.7,0.42,2,60,10,0
Motor,EQUIP_0492,120,41.8,1.25,51,104.1,62.9,Low,49.73,70.1,2.24,2,15,7,0
Coupler,EQUIP_0493,166,47,3.13,87,70.9,80,Low,99.26,68,2.54,1,45,13,1
Motor,EQUIP_0494,298,30,2.68,97,171,66.1,Low,93.21,63.6,2.7,1,15,6,0
Motor,EQUIP_0495,487,46.1,5.3,73,173.8,76.4,Low,85.27,73.3,2.51,1,45,5,0
Motor,EQUIP_0496,240,27.4,3.48,63,185.8,70.4,Low,74.99,79.2,1.46,1,45,11,0
Coupler,EQUIP_0497,420,40.1,2.85,71,145.5,73.6,Low,83.58,74.9,1.82,3,60,10,1
Motor,EQUIP_0498,429,51,2.08,38,140.3,63.1,OK,72.77,75.3,0.82,1,60,14,0
Coupler,EQUIP_0499,166,43.4,3.33,36,134.8,65.2,OK,60.4,73.6,2.46,2,60,11,0
Motor,EQUIP_0500,47,41.9,4.46,97,137.5,62.6,OK,89.35,73.2,3.6,0,45,2,0
Motor,EQUIP_0501,450,50,3.31,48,183.6,60,OK,74.24,61,2.46,1,30,2,0
Motor,EQUIP_0502,106,36.5,2.15,60,149.2,67.4,OK,82.83,69.4,1.3,2,30,13,0
Coupler,EQUIP_0503,494,42.2,3.54,64,161.3,54.8,OK,73.18,72.5,2.99,0,45,12,0
Motor,EQUIP_0504,420,42.9,2.95,86,136.7,78.9,Low,81.93,72.7,4.37,3,45,1,1
Motor,EQUIP_0505,448,37.4,3.45,90,189.6,50.7,Low,74.78,76.4,2.24,3,60,14,1
Coupler,EQUIP_0506,298,37.8,2.65,60,92.9,68.1,OK,73.61,64.8,2.55,0,60,9,0
Motor,EQUIP_0507,263,37.3,2.62,82,113.4,73.8,OK,75.45,73,2.68,4,60,11,0
Coupler,EQUIP_0508,205,40.4,2.58,61,161.4,58.2,Low,119.41,64.7,0.4,1,30,8,0
Coupler,EQUIP_0509,95,42.7,3.94,95,202.5,48.9,OK,87.04,68.9,1.59,1,30,8,0
Motor,EQUIP_0510,331,40.6,2.63,88,143.2,71.6,OK,113.79,69.7,1.49,2,45,1,0
Coupler,EQUIP_0511,19,43.5,2.54,39,124.7,62,OK,74.88,74.3,2.83,1,30,5,0
Motor,EQUIP_0512,14,30.2,2.06,31,180,68.1,OK,70.36,73.7,2.72,1,60,12,0
Coupler,EQUIP_0513,132,38.9,3.45,95,159.7,58.9,OK,58.89,70.6,1.88,3,60,6,0
Coupler,EQUIP_0514,339,34.9,3.31,89,188.7,77.3,Low,99.05,59.2,1.43,0,60,2,0
Motor,EQUIP_0515,362,41.5,2.55,46,111.3,38.8,OK,61.42,72.2,0.31,3,60,10,0
Coupler,EQUIP_0516,127,41.4,2.29,45,186.4,63.8,OK,102.14,68.7,1.98,1,60,5,0
Coupler,EQUIP_0517,303,39.4,4.88,45,103.5,73.4,OK,59.76,77,1.05,0,15,6,0
Coupler,EQUIP_0518,406,42.6,1.12,75,141.4,61.1,OK,88.3,75.8,0.92,0,45,9,0
Coupler,EQUIP_0519,168,45,3.49,68,162.4,63,Low,51.13,65.3,2.93,2,45,10,0
Coupler,EQUIP_0520,312,39.7,4.29,60,155.6,55.7,OK,68.37,72.9,2.82,2,30,1,0
Motor,EQUIP_0521,237,34.7,0.5,30,181.8,60.2,OK,75.33,73,1.51,1,60,13,0
Coupler,EQUIP_0522,374,32.1,3.79,40,95.2,43.3,OK,66.04,72.6,0.43,3,15,10,0
Motor,EQUIP_0523,225,40.2,2.78,33,154.2,52.8,OK,72.46,72,1.17,0,60,3,0
Coupler,EQUIP_0524,445,41.2,3.26,55,186,52.1,OK,72.53,73.2,2.99,2,60,12,0
Motor,EQUIP_0525,193,35.2,2.68,79,151.8,66.7,OK,87.1,77.5,2.47,3,30,9,0
Motor,EQUIP_0526,24,43.6,4.08,41,115.7,54.3,OK,43.7,67.2,1.53,2,15,14,0
Coupler,EQUIP_0527,166,37.7,3.36,94,180.2,54.6,OK,66.56,65.5,2.06,1,15,1,0
Coupler,EQUIP_0528,145,31.7,3.13,76,130.6,56.2,OK,93.82,73.9,0,1,45,1,0
Coupler,EQUIP_0529,270,46.3,2.1,82,125.3,52.5,Low,83.44,60.6,0,3,60,1,0
Motor,EQUIP_0530,166,45.7,4.88,31,121.5,62.7,Low,94.07,73.3,3.98,1,15,7,0
Coupler,EQUIP_0531,56,29.9,3.01,53,144,63.8,OK,86.38,72.4,2.51,2,45,13,0
Motor,EQUIP_0532,333,37.2,5.29,33,155.5,68.3,OK,58.75,58.3,2,1,15,5,0
Motor,EQUIP_0533,341,37,4.93,48,111.9,66.5,OK,84.91,66.8,1.6,1,60,6,0
Motor,EQUIP_0534,182,48.2,1.22,55,118.1,65.5,Low,76.5,77.9,0.24,2,45,13,0
Coupler,EQUIP_0535,139,39.5,2.35,69,129.2,56.7,OK,109.02,62.7,2.99,2,15,14,0
Coupler,EQUIP_0536,420,32.5,1.96,79,121.4,56.1,OK,87.03,71.1,0.86,0,30,8,0
Motor,EQUIP_0537,104,44.4,2.95,72,151.1,51.3,OK,82.85,65,2.7,1,15,14,0
Motor,EQUIP_0538,124,33.8,3.19,96,160.8,51.1,Low,85.04,66.5,2.13,1,60,13,0
Coupler,EQUIP_0539,252,38.7,3.23,41,156.7,61.9,OK,82.03,79.6,1.95,0,30,2,0
Motor,EQUIP_0540,429,36.2,4.05,96,156.8,52.8,OK,81.63,70.6,0.7,2,15,13,0
Coupler,EQUIP_0541,301,37.2,4.49,56,200.1,74.7,OK,71.01,72.6,0.71,0,15,2,0
Motor,EQUIP_0542,291,44.7,3.97,83,162.7,59.6,OK,83.03,69.4,2.39,2,45,3,0
Coupler,EQUIP_0543,308,47.6,2.44,95,173.5,75,OK,89.23,62.4,2.08,1,60,13,0
Motor,EQUIP_0544,292,33.6,2.22,78,137.6,65.7,Low,90.9,64.1,2.05,0,15,3,0
Coupler,EQUIP_0545,78,43.1,3,45,178.3,52.2,Low,89.09,75.9,2.29,3,15,13,1
Motor,EQUIP_0546,157,36.3,3.43,31,136.1,59.4,OK,97.62,70.8,0.06,0,15,3,0
Coupler,EQUIP_0547,20,36.5,2.82,89,162.3,43.3,Low,91.84,66.1,3.02,1,60,4,0
Coupler,EQUIP_0548,263,42.5,1.65,83,108.9,61.9,OK,84.43,69.9,1.64,1,30,3,0
Motor,EQUIP_0549,339,34.9,3.68,59,155,53.1,OK,57.85,73.3,3.17,1,60,2,0
Motor,EQUIP_0550,369,42.4,2.61,67,120.7,48.9,OK,57.85,72.3,0,2,45,9,0
Coupler,EQUIP_0551,47,43.7,2.58,57,178.1,75.2,Low,71.28,66.2,2.57,0,45,6,0
Motor,EQUIP_0552,143,37.8,2.95,54,176.3,70.3,OK,75.7,62.1,2.56,1,60,3,0
Coupler,EQUIP_0553,209,46.6,2.76,39,136,70,OK,95.97,68,0.51,2,15,9,0
Motor,EQUIP_0554,32,33.6,2.63,89,211.5,67.8,Low,33.3,75.5,1.36,3,15,4,0
Coupler,EQUIP_0555,312,46.7,1.72,71,141.4,47.7,OK,59.5,74.3,0.94,0,30,4,0
Coupler,EQUIP_0556,355,30.3,2.89,69,101.6,56,OK,72.09,72.1,2.86,1,60,8,0
Coupler,EQUIP_0557,311,53.5,3.7,71,126.6,56.6,OK,60.05,69.1,2.31,1,60,7,0
Coupler,EQUIP_0558,372,38,3.26,76,118.7,42.9,OK,63.03,67.4,3.6,1,15,7,0
Coupler,EQUIP_0559,405,34.2,3.95,66,161.4,54.4,Low,67.51,69.2,2.2,1,45,10,0
Coupler,EQUIP_0560,227,38.8,2.27,51,112.9,54.5,OK,60.81,73.9,2.73,2,45,7,0
Motor,EQUIP_0561,150,34.8,1.72,86,133.8,61.3,OK,63.41,75.1,3.17,3,30,10,0
Motor,EQUIP_0562,113,41.9,2.75,56,159.4,85.3,OK,95.45,68.7,2.55,1,30,11,0
Motor,EQUIP_0563,455,46.8,2.39,70,154.2,59.8,OK,84.21,82.7,1.62,0,45,5,0
Coupler,EQUIP_0564,219,35,2.49,63,149.6,61.3,OK,86.46,70.5,1.43,1,60,7,0
Coupler,EQUIP_0565,482,42.9,3.21,61,153.8,57.5,OK,74.49,68.3,1.92,0,30,4,0
Coupler,EQUIP_0566,490,32.3,2.5,95,138.9,67.4,Low,90.17,77.4,2.8,1,15,8,0
Coupler,EQUIP_0567,120,45.2,1.75,41,101.9,49.3,OK,87.72,59.8,1.23,1,60,9,0
Motor,EQUIP_0568,113,42.1,2.44,69,138.1,79,OK,83.98,72.4,2.65,3,15,13,0
Motor,EQUIP_0569,325,45.4,3.34,39,164.1,58.8,OK,65.19,69.6,2.32,1,30,12,0
Coupler,EQUIP_0570,180,39.4,3.67,77,145.9,56,OK,68.37,77.2,0.75,3,45,3,0
Motor,EQUIP_0571,469,37.8,3.66,49,161.7,69.7,OK,90.87,73,2.6,0,30,7,0
Motor,EQUIP_0572,365,44.1,3.42,68,132.4,51.1,OK,67.25,70.7,2.14,1,45,12,0
Coupler,EQUIP_0573,333,33.5,2.83,89,179.8,67.2,Low,55.67,73.3,1.45,1,60,10,0
Motor,EQUIP_0574,142,31.3,3.4,95,73.3,74.1,OK,66.96,64.7,2.13,3,30,9,0
Coupler,EQUIP_0575,385,40,2.96,94,154.2,57.6,OK,98.39,74.8,1.49,0,30,1,0
Motor,EQUIP_0576,302,38.1,3.11,80,190.5,80.5,OK,66.97,63.3,2.25,2,30,2,0
Coupler,EQUIP_0577,337,42.8,2.06,65,194.9,66.4,Low,79.91,71.8,1.83,3,60,7,0
Coupler,EQUIP_0578,136,45.5,3.04,53,143,66.6,OK,65.76,70.2,0.47,3,15,13,0
Coupler,EQUIP_0579,115,42.7,3.38,56,110.2,73.7,OK,86.45,61.2,1.86,1,15,2,0
Coupler,EQUIP_0580,101,45.1,3.34,31,191,76.3,OK,83.05,70.3,1.56,3,45,7,0
Motor,EQUIP_0581,296,41.6,1.71,60,148.4,62.6,OK,52.63,71.4,2.64,1,30,1,0
Coupler,EQUIP_0582,387,42.5,3.1,86,145.2,68,OK,79.02,66.7,2.88,0,15,3,0
Coupler,EQUIP_0583,402,39.4,1.56,95,123.2,74,Low,49.76,64.9,1.49,1,60,5,0
Coupler,EQUIP_0584,60,42.3,3.17,58,112.5,48.4,OK,66.69,72.5,1.21,0,30,14,0
Motor,EQUIP_0585,38,40.8,2.3,44,166.9,42.7,OK,74.83,71.8,0.32,2,45,12,0
Coupler,EQUIP_0586,471,41.6,4.71,41,170.1,59.4,OK,102.7,71.1,1.19,1,15,14,0
Motor,EQUIP_0587,305,39.2,3.12,57,156,42.5,OK,79.77,70,1.68,1,60,11,0
Coupler,EQUIP_0588,306,44,3.8,53,127.1,56.9,OK,63.49,67.2,0.66,2,60,6,0
Motor,EQUIP_0589,223,36.4,5.11,50,118.1,63.1,OK,70.24,81.4,2.89,1,45,13,0
Motor,EQUIP_0590,276,39.9,2.18,39,107,57.2,OK,88.86,68.5,2.26,2,15,9,0
Coupler,EQUIP_0591,416,46.6,3.44,47,133.2,58.6,OK,63.7,65.7,1.88,1,30,9,0
Motor,EQUIP_0592,266,35.3,1.81,43,119.8,50,OK,91.45,70.3,1.98,3,60,3,0
Coupler,EQUIP_0593,311,29.2,3.34,63,98.7,67.9,OK,67.15,69.1,2.31,1,45,14,0
Coupler,EQUIP_0594,110,41.8,4.77,87,169.5,49.4,Low,61.27,68.4,2.63,0,60,8,0
Coupler,EQUIP_0595,414,38.7,2.37,51,110.4,39,OK,67.63,79.4,2.81,4,60,13,1
Motor,EQUIP_0596,355,45.1,2.11,99,179.5,57.9,OK,50.76,64.4,1.69,1,15,4,0
Motor,EQUIP_0597,119,39.3,2.91,65,161.8,69.2,Low,42.41,70.2,1.86,0,15,7,0
Coupler,EQUIP_0598,429,37,5.05,74,158.8,60.8,OK,73.76,64.7,2.17,4,30,6,0
Coupler,EQUIP_0599,191,39.6,3.77,65,200,48.4,Low,73.99,67.3,1.82,0,60,8,0
Motor,EQUIP_0600,480,45.5,2.1,51,111.4,61,Low,78.85,78.7,2.87,2,45,6,0
Coupler,EQUIP_0601,322,42.9,4.46,90,176.2,64.4,Low,73.69,71.4,3.23,2,60,4,0
Coupler,EQUIP_0602,10,27.8,1.34,85,141.1,60.9,Low,109.94,71.3,2.34,0,45,2,0
Coupler,EQUIP_0603,328,40.9,5.14,62,227.1,57.4,OK,77.53,65.3,1.09,1,60,7,0
Motor,EQUIP_0604,447,41.2,3.86,74,138.6,64.9,OK,54.35,67.9,2.51,2,45,11,0
Motor,EQUIP_0605,64,39.9,4.76,65,133.7,42.6,OK,58.2,79.1,2.38,1,60,13,0
Motor,EQUIP_0606,380,36.9,1.35,49,162.8,51.1,OK,75,72.5,1.01,1,60,11,0
Coupler,EQUIP_0607,433,46,3.17,47,143.7,46.9,OK,68.47,68.3,2.38,3,30,4,0
Coupler,EQUIP_0608,408,46.2,2.87,67,127.2,73.5,OK,56.57,72.2,1.46,2,15,13,0
Coupler,EQUIP_0609,158,29,1.99,96,120.9,67.1,OK,74.12,71.3,2.75,3,15,9,0
Motor,EQUIP_0610,440,36,1.7,52,193.7,61.9,Low,74.34,65.8,2.5,1,45,9,0
Coupler,EQUIP_0611,466,39.3,3.51,45,115.1,45.5,Low,98.94,68.2,2.22,3,60,7,0
Coupler,EQUIP_0612,318,44.7,3.6,88,156.7,67.4,Low,61.26,81.3,2.04,1,60,5,0
Coupler,EQUIP_0613,146,40.2,4.3,98,181.7,73.9,OK,68.73,72,0,1,15,3,0
Coupler,EQUIP_0614,211,36.6,2.5,97,183.1,65.7,Low,98.89,62.2,0.79,5,45,3,0
Motor,EQUIP_0615,445,43.5,2.86,50,132,59.6,Low,79.93,72.6,1.87,2,30,9,0
Motor,EQUIP_0616,322,38.9,1.62,99,143.8,66.3,OK,61.17,76.5,3.52,3,30,9,0
Coupler,EQUIP_0617,126,39.4,4.54,41,138,62.7,OK,64.28,65.5,2.56,2,30,12,0
Motor,EQUIP_0618,163,39.9,3.07,45,103.9,69.3,Low,56.79,67.7,3.81,2,60,13,0
Motor,EQUIP_0619,434,42.9,3.72,43,166.1,69,Low,76.16,77.3,2.08,4,45,11,1
Coupler,EQUIP_0620,300,38.5,3.76,90,151.2,57.8,OK,90.47,70.2,1.97,4,15,4,0
Coupler,EQUIP_0621,72,43.4,4.46,75,193.2,53.4,OK,99.46,69.3,3.43,0,60,11,0
Motor,EQUIP_0622,253,39.6,2.17,61,125.3,56,OK,52.71,63.3,1.84,3,60,1,0
Coupler,EQUIP_0623,34,34.7,3.7,44,182.7,65.4,OK,88.04,75.4,1.01,1,30,13,0
Motor,EQUIP_0624,99,39.8,2.97,73,184.8,56.6,Low,77.46,69.1,2.32,1,45,10,0
Coupler,EQUIP_0625,84,34.9,5.11,46,151.4,52.5,Low,71.07,59.1,3.12,2,45,5,0
Motor,EQUIP_0626,303,40.2,2.17,70,84.9,60,OK,68.74,62.1,1.17,0,30,14,0
Coupler,EQUIP_0627,395,44.1,4.17,83,134.6,71.1,OK,46.19,67.2,2.59,0,30,8,0
Motor,EQUIP_0628,400,34.6,3.35,73,203.6,61.4,OK,84.57,64.6,1.91,2,30,10,0
Motor,EQUIP_0629,219,41.8,3.3,34,158.9,57.2,OK,55.22,65.4,2.45,2,60,4,0
Motor,EQUIP_0630,484,35.9,3.05,56,170.8,63.2,OK,63.78,81.7,2.31,0,60,10,0
Coupler,EQUIP_0631,427,41,4.35,72,147.3,60.8,OK,81.27,73.5,1.59,1,60,10,0
Motor,EQUIP_0632,356,44.3,3.26,60,143.3,40.7,OK,47.75,57.1,1.89,2,15,4,0
Motor,EQUIP_0633,26,29.4,1.48,46,94,67,OK,55.19,68.4,1.65,1,15,13,0
Coupler,EQUIP_0634,137,34.4,4.22,83,173.8,64.1,OK,93.28,69.6,2.12,1,45,12,0
Coupler,EQUIP_0635,436,38.2,4.04,91,182.4,60.2,OK,76.83,62.6,1.15,3,30,14,0
Motor,EQUIP_0636,452,41.6,3.59,61,121.5,70.6,OK,65.07,72.7,1.39,2,30,9,0
Motor,EQUIP_0637,373,39.2,1.87,69,144.6,72.1,OK,76.89,59.8,1.59,1,60,9,0
Coupler,EQUIP_0638,260,39.8,2.03,42,140.6,68,OK,85.04,75.5,2.39,1,15,7,0
Coupler,EQUIP_0639,188,50.2,1.12,64,162.6,51.5,Low,91.87,77.2,0.58,2,30,10,0
Coupler,EQUIP_0640,191,33.9,3.46,34,133.7,51.8,Low,58.31,81.8,1.89,1,45,8,0
Coupler,EQUIP_0641,161,45.7,1.65,58,177.9,71.2,Low,59.63,62.1,1.29,0,30,12,0
Coupler,EQUIP_0642,34,38.3,1.28,99,152.1,41.2,Low,84.13,63.1,1.59,0,60,12,0
Motor,EQUIP_0643,464,42.7,4.27,54,73.5,58.5,OK,84.61,73.5,1.34,2,60,4,0
Coupler,EQUIP_0644,189,50.6,3.77,51,163.3,64.4,OK,54.84,75.9,2.19,0,15,8,0
Motor,EQUIP_0645,207,43.4,2.67,95,179.9,42.5,OK,60.19,74,1.84,1,45,14,0
Motor,EQUIP_0646,353,41.9,2.87,74,115.4,62.3,Low,72.09,75.4,2.71,1,45,6,0
Motor,EQUIP_0647,170,48,0.59,98,162.3,69.5,Low,75.35,76.9,2.4,2,30,13,0
Coupler,EQUIP_0648,186,45.6,3.92,30,204.9,45.1,OK,75.78,71,0.46,1,45,3,0
Motor,EQUIP_0649,294,36,2.31,73,153.4,76.6,OK,54.61,68.9,1.04,0,30,7,0
Motor,EQUIP_0650,72,41.5,3.33,68,184.2,49.9,OK,75.63,63.2,1.83,2,30,3,0
Coupler,EQUIP_0651,159,31.4,0.51,83,136.7,65.7,OK,64.24,68.5,1.96,1,15,11,0
Motor,EQUIP_0652,163,37.3,3.98,58,149.5,59.2,OK,57.51,69.3,1.13,3,45,7,0
Motor,EQUIP_0653,165,41.6,2.25,83,143.9,60.7,OK,74.84,65.3,3.3,0,60,5,0
Coupler,EQUIP_0654,379,37,1.62,45,138.4,47.2,OK,73.31,69.8,2.86,1,30,4,0
Motor,EQUIP_0655,478,41.4,2.66,49,145.6,72.6,OK,87.03,64.7,0.36,2,30,3,0
Motor,EQUIP_0656,58,39.9,2.4,75,101.1,63.3,OK,62.09,75.6,2.35,3,30,8,0
Motor,EQUIP_0657,464,42.7,4.07,96,140.1,76.2,OK,78.53,72.1,1.95,4,45,4,1
Coupler,EQUIP_0658,346,37.9,2.58,94,190.1,47.4,Low,51.47,67.7,3.24,1,45,8,0
Coupler,EQUIP_0659,93,35.3,4.36,87,121.1,58.2,OK,70.88,70.9,0.43,0,45,10,0
Coupler,EQUIP_0660,370,47.4,3.33,82,118,62.1,Low,81.96,64.5,4.06,3,30,3,0
Motor,EQUIP_0661,186,37.5,3.89,30,151.8,60.6,Low,83.22,65,1.16,1,60,10,0
Motor,EQUIP_0662,157,43.3,3,95,153.3,66.7,OK,83.32,66.8,2.38,0,60,13,0
Coupler,EQUIP_0663,127,47.2,4.27,58,161.3,58.1,OK,87.07,69,1.39,1,45,9,0
Motor,EQUIP_0664,351,40.8,1.85,99,146.6,81.2,OK,68.31,70.7,1.62,0,60,6,0
Motor,EQUIP_0665,485,35.7,3.11,37,152.2,60.4,OK,82.44,70.7,0.31,0,30,5,0
Coupler,EQUIP_0666,72,39.1,2.6,58,139.5,31.2,Low,103.03,63.4,3.2,1,45,5,0
Coupler,EQUIP_0667,198,45.1,4.4,80,111.7,60.8,OK,67.99,69.6,1.73,3,45,13,0
Motor,EQUIP_0668,369,41,4.5,62,147.9,72.6,Low,95.7,65.9,1.8,5,30,3,1
Motor,EQUIP_0669,58,34,3,32,171.7,50.8,OK,88.15,53,4.31,1,45,2,0
Motor,EQUIP_0670,336,43,1.71,89,165.5,50.1,OK,71.01,85.4,2.96,2,30,6,0
Coupler,EQUIP_0671,266,43.8,3.43,64,97.7,51.6,OK,72.26,66,1.33,0,45,11,0
Coupler,EQUIP_0672,233,38.2,1.34,98,157.6,49.2,OK,76.78,66.3,1.39,2,60,1,0
Coupler,EQUIP_0673,150,43.1,4.63,49,123.2,55.2,OK,87.3,63.3,2.26,2,45,14,0
Coupler,EQUIP_0674,487,41.2,2.53,68,191.8,69.1,Low,81.04,64.7,2.77,1,45,7,0
Motor,EQUIP_0675,224,39,2.97,33,159.8,75.3,OK,67.88,69.1,3.75,1,45,5,0
Coupler,EQUIP_0676,444,33.5,2.32,48,176.9,35.8,OK,43.77,76.8,0.39,4,15,4,0
Coupler,EQUIP_0677,388,45.4,2.1,74,150.6,56.2,OK,85.08,69,2.73,3,60,9,0
Coupler,EQUIP_0678,449,43.8,3.74,72,148,63,OK,46.01,68.4,2.89,3,30,10,0
Coupler,EQUIP_0679,220,42.9,2.84,42,194.9,62,Low,54.51,76,1.21,0,15,1,0
Coupler,EQUIP_0680,327,47.7,3.04,42,179.2,79,Low,68.96,67.4,1.64,2,60,11,1
Motor,EQUIP_0681,41,44.7,2,89,153.5,39.9,OK,56.79,70.1,0.37,2,45,4,0
Motor,EQUIP_0682,167,43.4,3.86,86,144,34.1,Low,79.76,65.4,1.5,1,45,3,0
Coupler,EQUIP_0683,294,28.9,3.96,81,98.8,80.6,OK,70.56,78.4,2.23,2,30,6,0
Motor,EQUIP_0684,314,46,2.79,82,159.7,67.5,OK,86.78,75.2,3.59,2,30,5,0
Coupler,EQUIP_0685,438,40.4,4.27,72,146.2,54.3,OK,50.88,69.2,3.69,2,60,7,0
Coupler,EQUIP_0686,486,41.6,2.9,71,166.6,61.7,Low,65.07,68,0.97,3,60,13,1
Motor,EQUIP_0687,295,41.6,3.78,55,175.7,62.4,OK,75.06,69.8,3.46,4,30,1,0
Motor,EQUIP_0688,153,43.9,1.38,52,187,54,OK,75.64,69.3,0.05,3,60,13,0
Coupler,EQUIP_0689,433,45.6,3.35,72,160.1,61.4,OK,85.41,62.3,1.42,1,30,5,0
Coupler,EQUIP_0690,28,43.2,2.73,57,118.6,63.5,OK,61.28,75.4,1.7,0,45,14,0
Coupler,EQUIP_0691,27,42.4,3.16,38,85.5,80.2,OK,67.98,68.9,2.25,3,30,2,0
Motor,EQUIP_0692,266,41.2,3.11,49,125.3,69.6,OK,82.61,79.5,2.11,0,15,2,0
Coupler,EQUIP_0693,87,23.2,3.13,85,190,77.4,OK,42.02,72.1,2.37,0,30,11,0
Coupler,EQUIP_0694,380,38.6,3.62,68,204.7,46.6,OK,80.77,57.4,1.82,2,30,11,0
Coupler,EQUIP_0695,184,35.3,2.43,80,142.9,56.5,OK,86.46,63.6,2.96,0,15,2,0
Motor,EQUIP_0696,203,46.1,3.57,41,106.2,62.4,OK,55,59.3,2.69,2,15,9,0
Coupler,EQUIP_0697,485,43.1,4.23,84,130.5,40.8,OK,70.27,63.5,1.71,1,15,10,0
Coupler,EQUIP_0698,122,37.7,1.59,40,184.1,71.8,OK,97.39,61.8,2.84,3,15,3,0
Motor,EQUIP_0699,123,38.2,2.22,55,132.3,66.4,Low,84.9,71.3,4.07,2,30,4,0
Coupler,EQUIP_0700,231,38,2.26,71,167.7,56.3,OK,81.7,68.4,1.33,6,60,5,0
Coupler,EQUIP_0701,175,37.9,1.91,56,155.1,58.2,OK,89.86,73.7,3.68,1,15,14,0
Motor,EQUIP_0702,444,32.8,2.53,40,171.3,72.5,OK,102.07,69.8,1.42,0,45,4,0
Coupler,EQUIP_0703,328,31.7,4.03,67,204.5,52,Low,75.28,68.8,3.41,5,30,4,1
Motor,EQUIP_0704,141,40.1,4.45,72,167.7,72.9,Low,68.89,80,1.45,0,60,5,0
Motor,EQUIP_0705,394,45.4,3.11,48,154.4,57.5,OK,89.83,71.1,2.77,2,45,10,0
Coupler,EQUIP_0706,273,37.3,2.68,93,207.9,67.6,OK,72.19,69.6,2.18,0,30,9,0
Coupler,EQUIP_0707,422,41.5,3.8,35,160.5,60.9,OK,61.08,65.7,0.21,4,30,12,1
Coupler,EQUIP_0708,64,43.7,0.64,75,126.2,82.3,OK,66.9,64.1,3.92,1,45,9,0
Coupler,EQUIP_0709,368,35,1.94,71,170.6,51.1,OK,79.68,73.9,1.1,1,15,14,0
Motor,EQUIP_0710,140,39.9,0.68,94,163.4,54.3,OK,68.26,73.6,0.73,2,15,14,0
Coupler,EQUIP_0711,297,36.7,1.93,88,140.8,44.9,OK,69.38,77.9,1.36,0,45,6,0
Motor,EQUIP_0712,275,48,2.23,81,134.5,49,OK,59.59,72.4,4.53,1,60,11,0
Coupler,EQUIP_0713,467,47.8,4.48,76,141.1,67.1,OK,96.53,68,0.75,3,15,12,0
Coupler,EQUIP_0714,476,35,0.5,36,134,76,OK,69.86,72.6,2.18,2,30,14,1
Coupler,EQUIP_0715,375,41.9,2.58,40,142,68.3,OK,64.33,69.6,0.88,2,30,3,0
Motor,EQUIP_0716,171,45.3,3.62,90,124.7,59.9,OK,65.92,74.3,1.05,1,60,6,0
Coupler,EQUIP_0717,389,44.2,3.41,97,161.6,51.1,OK,87.04,76.7,0.4,1,30,10,0
Coupler,EQUIP_0718,490,40.4,4.46,54,159.3,69,OK,83.6,69.2,2.32,0,15,4,0
Coupler,EQUIP_0719,96,46.5,3.16,41,160.4,50.5,OK,67.47,78.8,1.84,0,60,3,0
Coupler,EQUIP_0720,64,35.5,3.37,55,148.1,46.5,OK,75.48,75.9,0.87,0,15,6,0
Motor,EQUIP_0721,485,38.5,1.16,41,144.7,56.9,OK,79.15,70.1,2.87,2,60,11,0
Coupler,EQUIP_0722,297,35.6,2.01,72,193.3,39.7,OK,64.44,73.4,2.98,0,45,6,0
Motor,EQUIP_0723,187,43.9,1.22,80,152,46.2,OK,51.89,71.5,2.41,7,30,2,0
Motor,EQUIP_0724,400,37.1,3.57,66,187.9,78.9,OK,82.73,70.1,3.17,1,60,9,0
Motor,EQUIP_0725,358,39.1,3.35,75,120.1,44.3,OK,65.27,79.6,1.65,3,45,8,0
Motor,EQUIP_0726,17,43.1,3.31,82,167.7,48.1,OK,81.61,72.6,2.32,1,15,6,0
Motor,EQUIP_0727,330,43.5,2.12,42,128,60.7,OK,79.82,65.8,1.65,1,45,1,0
Motor,EQUIP_0728,322,35.5,2.03,83,133.3,61.2,OK,75.84,64.9,0.49,0,15,12,0
Coupler,EQUIP_0729,256,45.3,3.21,86,137.6,57.7,OK,68.61,65.1,2.22,2,60,2,0
Motor,EQUIP_0730,332,42.3,2.33,33,135.8,40,OK,65.49,72.4,2.16,1,60,4,0
Motor,EQUIP_0731,481,34.6,1.98,78,135.9,68.5,Low,57.92,68.3,1.97,3,30,7,0
Motor,EQUIP_0732,480,33.4,2.49,36,186.5,55.6,OK,65.78,71.7,2.37,2,30,9,0
Coupler,EQUIP_0733,452,39.9,2.34,40,151.4,72.2,OK,83.53,74.7,3.41,1,60,10,0
Coupler,EQUIP_0734,264,44.3,2.13,83,156.8,53.6,OK,95.97,80.1,1.8,2,15,5,0
Motor,EQUIP_0735,337,44.4,1.77,74,136.3,69.8,OK,93.77,68.4,1.04,1,15,10,0
Coupler,EQUIP_0736,63,41.8,3.45,52,175.7,73,Low,77.18,63,1.75,4,60,2,0
Motor,EQUIP_0737,258,40.2,4.56,57,160.7,55.3,OK,95.96,79,1.86,2,15,13,0
Motor,EQUIP_0738,248,42.6,2.96,86,140.7,68.8,Low,70.4,62.7,2.98,1,60,11,0
Coupler,EQUIP_0739,238,35.7,3.22,55,102.5,46.7,OK,55.63,62.5,2.11,0,30,11,0
Motor,EQUIP_0740,76,48.4,3.54,54,156.5,62.6,OK,103.81,78.8,0.85,2,15,11,0
Coupler,EQUIP_0741,60,48.4,3.37,83,167.3,72.2,Low,82.99,75.3,2.81,0,30,1,0
Coupler,EQUIP_0742,106,42.1,2.15,58,120.6,65.2,OK,51.98,72.4,2.65,2,45,10,0
Motor,EQUIP_0743,101,41,4.72,65,141.1,84.1,OK,98.39,69.8,2.11,1,30,14,0
Motor,EQUIP_0744,273,37.9,2.24,43,166.1,65.7,OK,63.85,68.8,2.95,0,45,13,0
Coupler,EQUIP_0745,427,42.6,3.65,64,102.9,56.3,OK,67.11,66.7,3.12,2,30,14,0
Motor,EQUIP_0746,300,36.5,3.53,59,130.5,88.4,OK,90.32,68.6,1.62,2,30,1,0
Motor,EQUIP_0747,105,28.9,1.04,46,161.3,76.3,OK,95.43,69.8,1.1,0,15,5,0
Motor,EQUIP_0748,97,26.4,2.64,96,183.2,44,OK,59.99,63.1,1.99,0,30,14,0
Coupler,EQUIP_0749,87,36,3.06,59,215.6,52.2,Low,97.06,65.9,2.54,1,60,7,0
Coupler,EQUIP_0750,297,40.8,3.13,74,208.8,49.6,Low,88.11,59.4,1.89,1,15,9,0
Motor,EQUIP_0751,129,41.7,3.3,80,154.3,66.5,OK,63,70.4,1.01,3,15,9,0
Coupler,EQUIP_0752,311,37.6,3.76,76,135.5,65.7,OK,71.31,70.4,2.16,2,15,8,0
Coupler,EQUIP_0753,409,40.7,2.99,82,177.7,65.6,OK,97.74,78.9,0,2,30,1,0
Coupler,EQUIP_0754,461,38.6,3.35,93,133.7,43.7,OK,51.59,71.9,1.68,1,15,5,0
Coupler,EQUIP_0755,174,35,2.96,67,127.1,53.6,Low,95.71,67.2,2.85,2,45,6,0
Coupler,EQUIP_0756,191,39.7,1.98,93,140.8,58.5,OK,87.7,69,2.91,0,45,6,0
Motor,EQUIP_0757,478,44.1,3.03,36,137.1,41.8,OK,82.64,72.4,0,1,30,4,0
Motor,EQUIP_0758,407,35.2,3.75,51,162.4,51.3,Low,76.98,71.1,1.81,0,15,1,0
Motor,EQUIP_0759,232,35.2,4.11,70,131.9,73.6,Low,104.55,72.9,2.6,4,60,3,0
Coupler,EQUIP_0760,320,34.7,3.54,39,152.6,44.5,OK,106.77,71.9,0.82,1,60,10,0
Coupler,EQUIP_0761,441,30.3,4.33,86,197.8,74.6,OK,65.77,68.7,1.63,2,45,4,0
Motor,EQUIP_0762,475,37.6,3.42,36,153.7,70.9,OK,84.18,67.3,3.21,2,30,4,0
Coupler,EQUIP_0763,16,43.6,3.86,79,195.5,57.1,Low,103.12,67.1,1.52,2,30,13,0
Motor,EQUIP_0764,339,40.9,3.94,81,186.1,53.5,OK,63.22,65.4,3.6,1,30,4,0
Motor,EQUIP_0765,272,39.2,2.78,62,167.8,68.3,OK,78.65,64.6,1.26,0,30,14,0
Motor,EQUIP_0766,170,40.6,3.73,30,139.4,52.1,OK,90.06,79.2,3.41,1,30,5,0
Coupler,EQUIP_0767,160,37.6,2.06,82,181.2,52.6,OK,44.78,70.6,2.03,1,15,13,0
Coupler,EQUIP_0768,94,30.3,3.35,89,142.5,59.8,OK,87.43,69.2,1.12,1,15,11,0
Motor,EQUIP_0769,156,43.9,3.58,63,149.9,38.7,Low,58.67,67.5,3.41,3,15,9,0
Motor,EQUIP_0770,121,45.4,4.05,33,159.9,45.5,Low,77.88,72.1,0.79,2,60,4,0
Motor,EQUIP_0771,390,36.4,3.82,46,149.8,56.8,Low,92.17,76,1.2,3,15,9,1
Motor,EQUIP_0772,412,39.2,4.06,33,128.4,64.8,OK,39.16,73.6,2.49,1,30,9,0
Coupler,EQUIP_0773,45,38.8,2.9,72,104.2,52,OK,86.79,74.6,2.08,1,30,1,0
Coupler,EQUIP_0774,294,41.8,2.65,33,178.8,58,Low,105.57,67.1,2.27,3,60,5,0
Motor,EQUIP_0775,197,48.4,2.73,30,167.1,43.9,OK,67,70,1.63,0,60,9,0
Motor,EQUIP_0776,91,45.8,3.27,79,98.4,69.3,OK,83.65,67.1,0.8,2,45,4,0
Coupler,EQUIP_0777,11,38.1,1.19,90,127.6,62.2,OK,95.03,70.5,1.35,1,60,5,0
Coupler,EQUIP_0778,394,42.7,4.33,64,155.4,63.1,Low,51.11,76.4,3.32,1,45,4,0
Motor,EQUIP_0779,312,46.3,3.04,37,163.3,64.9,OK,86.36,72.2,0.66,2,15,13,0
Motor,EQUIP_0780,206,42,2.58,53,104.4,60.8,Low,90.36,78.1,3.64,2,30,2,0
Motor,EQUIP_0781,413,40,0.5,65,147.3,55.2,OK,84.58,68.6,2.32,0,45,10,0
Coupler,EQUIP_0782,20,42.2,2.96,79,166.2,71.3,OK,76.3,66,1.4,0,45,2,0
Coupler,EQUIP_0783,243,36.5,2.8,72,139.5,61.6,OK,59.99,72.6,0,3,45,2,0
Coupler,EQUIP_0784,395,37.2,2.1,56,157.7,58.3,OK,95.87,70.6,0.13,1,60,13,0
Motor,EQUIP_0785,204,34.7,2.33,61,135.4,59.9,OK,75.52,71.6,1.64,0,60,1,0
Motor,EQUIP_0786,480,41.5,2.97,47,177.3,59.7,Low,61.44,70.9,1.52,1,60,3,0
Coupler,EQUIP_0787,128,39.3,2.41,57,126,58.2,OK,70.23,67.6,2.12,0,45,14,0
Coupler,EQUIP_0788,405,35.9,3.57,58,115.7,64.5,OK,80.53,71,3.72,1,15,11,0
Motor,EQUIP_0789,29,39.2,2.25,45,150.9,50.6,OK,51.58,74.9,2.54,3,30,10,0
Coupler,EQUIP_0790,270,42.3,3.15,76,107,51.4,OK,75.27,75.4,1.87,1,60,1,0
Coupler,EQUIP_0791,302,49.6,4.18,88,86.8,65.6,OK,68.75,67.6,3.22,0,15,4,0
Motor,EQUIP_0792,431,45.1,2.96,60,182.5,58.5,OK,95.04,71.2,2.15,1,60,1,0
Coupler,EQUIP_0793,265,28.6,3.36,33,120.5,69.7,Low,46.88,77.4,3.6,0,60,4,0
Motor,EQUIP_0794,231,41.2,3.29,66,110,64.1,OK,89.08,67.7,1.33,3,45,3,0
Motor,EQUIP_0795,402,47.1,3.01,46,125.6,54.5,OK,96.26,66.8,0.85,2,45,9,0
Motor,EQUIP_0796,235,33.3,2.93,68,124.3,65.8,OK,47.44,74,0,0,60,1,0
Motor,EQUIP_0797,62,42.8,2.43,77,145.7,72,OK,49.24,73.1,1.89,3,30,14,0
Motor,EQUIP_0798,437,38.8,3.15,75,117.2,64.5,Low,101.79,65.8,0.77,2,60,8,0
Motor,EQUIP_0799,364,45.8,2.72,77,164.9,66.7,OK,61.43,63,0.75,0,30,11,0
Motor,EQUIP_0800,351,42,4.55,68,169.4,58.3,Low,121.42,71.1,3.03,1,15,9,0
Coupler,EQUIP_0801,373,35.6,3.81,33,111.8,69.9,OK,47.91,67.9,0.28,5,60,12,0
Motor,EQUIP_0802,289,39,1.55,59,131.5,54.2,OK,77.55,61.6,2.1,1,30,7,0
Motor,EQUIP_0803,90,39.3,1.6,59,134.3,63.4,Low,74.65,66.6,1.92,0,15,1,0
Coupler,EQUIP_0804,211,39.4,2.87,51,145,85.7,OK,71.88,73,2.09,1,15,4,0
Coupler,EQUIP_0805,167,45.6,2.6,95,182.5,65.4,OK,81.94,69.2,3.38,1,45,10,0
Coupler,EQUIP_0806,129,35.8,2.82,41,184.2,55.8,OK,82.81,77.8,1.17,2,15,1,0
Motor,EQUIP_0807,68,45,3.65,65,225,55.8,Low,72.49,59.6,3.38,1,45,4,0
Coupler,EQUIP_0808,224,38.5,3.32,47,81.9,59.3,OK,59.79,76.7,0.24,2,15,3,0
Motor,EQUIP_0809,137,41.1,3.31,82,122.3,68.5,OK,90.72,68.3,2.65,1,15,2,0
Motor,EQUIP_0810,233,40.4,4.45,30,204.4,61.5,OK,84.42,67.6,3.48,3,30,1,0
Motor,EQUIP_0811,218,39.9,1.61,87,96,53.5,OK,76.72,62.2,0,0,30,6,0
Motor,EQUIP_0812,379,39.9,3.1,35,203.7,53.5,Low,83.95,72.3,1.96,1,45,12,1
Coupler,EQUIP_0813,124,47.3,2.42,99,154.4,61.5,OK,86.53,60.9,1.88,0,60,7,0
Coupler,EQUIP_0814,218,44.2,4.44,73,155.5,60.4,OK,63.57,74.1,2.07,1,30,6,0
Motor,EQUIP_0815,23,38.2,0.79,53,111.6,64.5,Low,83.41,62.4,3.71,4,15,9,0
Motor,EQUIP_0816,18,47.9,0.83,48,136.5,69.2,OK,66.7,63.2,1.24,1,45,12,0
Motor,EQUIP_0817,49,41.4,3.3,47,202.4,87.3,OK,87.03,64,0.82,1,45,9,0
Coupler,EQUIP_0818,459,41.8,4.13,59,148.6,45.4,OK,72.11,66.4,2.08,0,45,2,0
Motor,EQUIP_0819,246,35.8,3.77,71,136.7,66.9,OK,84.18,74.7,3.12,3,15,2,0
Motor,EQUIP_0820,290,37.5,2.2,62,162.2,61,OK,68.49,77.5,2.56,2,30,9,0
Coupler,EQUIP_0821,368,36.6,4.51,41,144.2,41.6,OK,84.96,66.9,2.03,0,60,1,0
Coupler,EQUIP_0822,210,40.4,1.77,56,160.4,72.5,OK,60.32,69.8,1.77,2,45,5,0
Motor,EQUIP_0823,255,43.2,4.31,68,124.5,64.2,OK,75.54,72.4,0,0,15,1,0
Coupler,EQUIP_0824,287,41.8,1.9,38,147.7,68,OK,89.71,68.4,2.59,0,30,7,0
Coupler,EQUIP_0825,244,47.9,2.65,50,130.8,43,OK,82.01,72.3,2.71,2,30,9,0
Motor,EQUIP_0826,13,35.6,3.64,58,95.9,57.8,OK,77.88,70,1.31,2,60,6,0
Coupler,EQUIP_0827,163,40.6,1.53,62,164.5,49.2,Low,102.05,68.7,1.54,0,45,14,0
Motor,EQUIP_0828,451,33.6,4.47,91,113,81.6,OK,90.35,62.9,0.95,2,15,2,0
Coupler,EQUIP_0829,38,35.4,2.64,44,145.1,71.4,OK,87.83,70.7,2.87,3,30,6,0
Motor,EQUIP_0830,118,46.3,3.14,31,177.8,53.2,OK,84.87,74.8,1.63,1,15,9,0
Motor,EQUIP_0831,107,37.7,4.16,81,105.1,44.6,Low,86.74,66.1,1.85,1,30,3,0
Motor,EQUIP_0832,224,36,2.21,73,168.1,61.9,Low,99.86,60.2,2.63,1,45,9,0
Coupler,EQUIP_0833,302,29.4,4.06,83,141,70.9,OK,68.73,68.4,2.33,2,45,8,0
Motor,EQUIP_0834,84,35.9,4.64,47,121,42.6,OK,90.14,77.5,2.56,2,60,13,0
Coupler,EQUIP_0835,335,39,2.34,32,210.7,50.7,OK,80.35,76.1,2.17,2,30,12,0
Motor,EQUIP_0836,155,33.2,4.37,36,150,48.9,OK,69.25,67.1,2.2,2,15,7,0
Motor,EQUIP_0837,137,38.7,1.24,72,133,68.7,OK,73.5,72.3,2.19,2,30,8,0
Coupler,EQUIP_0838,350,46.4,3.39,67,126.6,56.3,Low,78.29,73.1,2.45,2,15,10,0
Motor,EQUIP_0839,51,36.5,1.77,66,176.4,56.7,OK,62.1,77.5,2.5,0,60,6,0
Motor,EQUIP_0840,365,35.3,3.94,87,131.6,61.7,OK,87.96,62.2,0.78,1,30,3,0
Coupler,EQUIP_0841,50,34.4,3.86,62,172.7,51.2,OK,73.46,64.7,1.4,3,45,7,0
Motor,EQUIP_0842,431,34.3,5.08,88,149.9,45.6,OK,76.27,60,1.8,1,15,4,0
Motor,EQUIP_0843,43,42.7,4.42,40,183.5,73.7,Low,95.36,66.6,2.45,3,45,11,0
Motor,EQUIP_0844,26,40.2,2.83,97,118.7,74.6,Low,76.95,75.3,3.6,0,60,10,0
Motor,EQUIP_0845,174,44.8,1.92,97,122.9,61.8,OK,98.29,67.2,1.19,3,60,14,0
Coupler,EQUIP_0846,162,50.1,3.57,51,141.6,62.5,OK,67.13,63.5,2.88,3,15,5,0
Coupler,EQUIP_0847,495,30.8,2.94,95,144.1,72.6,OK,58.54,71.1,1.43,2,30,8,0
Motor,EQUIP_0848,387,41.9,4.55,73,139.4,61.6,OK,70.65,71.3,3.37,0,45,7,0
Coupler,EQUIP_0849,85,34.4,0.83,35,228.9,55.8,OK,32.78,64.9,3.91,1,45,7,0
Motor,EQUIP_0850,96,43.9,5.19,71,211.9,60.4,OK,88.59,67.5,0.25,1,15,8,0
Coupler,EQUIP_0851,126,38.6,3.53,54,159,73.9,Low,59.42,70.8,1.67,3,15,10,0
Motor,EQUIP_0852,371,40.1,2.19,86,162.5,60.5,OK,65.73,73.7,0,1,15,3,0
Motor,EQUIP_0853,351,33.6,3.73,84,142.9,53.3,Low,85.74,66.8,0.31,2,60,3,0
Motor,EQUIP_0854,478,37.9,4.3,45,118.5,61.5,OK,76.79,66,0.37,0,60,2,0
Motor,EQUIP_0855,36,40.4,3.11,43,144.5,66.6,Low,68.39,79.6,2.62,1,45,1,0
Motor,EQUIP_0856,322,46.8,1.24,68,173.1,65.4,OK,44.45,68.6,2.44,1,30,10,0
Motor,EQUIP_0857,296,36,2.71,57,189.2,65.5,OK,94.51,71.2,2.8,1,15,6,0
Coupler,EQUIP_0858,143,37.2,4.04,80,179.9,51.7,OK,85.85,73.2,2.61,2,60,6,0
Motor,EQUIP_0859,228,44.7,3.5,78,104.7,67.7,Low,105.84,61.1,2.49,1,30,13,0
Coupler,EQUIP_0860,177,35.7,2.84,38,141.3,60.3,OK,66.05,69.9,2.11,0,15,10,0
Motor,EQUIP_0861,107,45.7,4.31,87,105.9,52.9,OK,53.18,61.8,1.87,0,30,12,0
Coupler,EQUIP_0862,277,40,3.74,74,185.1,67.6,OK,89.92,69.3,3.02,0,15,8,0
Coupler,EQUIP_0863,246,41.5,3.82,51,137.6,55.5,OK,72.18,76.9,2.01,7,30,14,0
Coupler,EQUIP_0864,318,41.8,2.59,61,148.6,44.3,OK,84.42,65,2.53,0,45,6,0
Motor,EQUIP_0865,464,36.9,2.49,98,164.4,50,Low,99.3,61.7,0,3,15,6,0
Motor,EQUIP_0866,403,41.9,1.3,98,233,58.2,OK,80.82,79.4,0.82,2,15,1,0
Coupler,EQUIP_0867,182,36.1,2.74,71,158,65.8,OK,77.51,64.3,2.98,2,45,12,0
Motor,EQUIP_0868,410,37.5,3.94,82,142.9,51.4,OK,78.45,62.5,1.33,1,15,7,0
Coupler,EQUIP_0869,419,42.8,2.8,88,112.8,57.6,OK,50.44,78.1,0.6,2,15,7,0
Motor,EQUIP_0870,478,41.5,3.45,68,193.8,47.8,OK,91.62,64.1,2.64,1,60,10,0
Coupler,EQUIP_0871,485,39.6,4.11,44,144.6,69.8,OK,92.58,78.2,2,0,45,9,0
Coupler,EQUIP_0872,199,33.7,3.37,58,199.7,77.2,OK,82.96,71.4,1.59,1,60,14,0
Motor,EQUIP_0873,131,35,3.47,32,183.2,76.1,OK,52.27,76.4,3.51,2,45,12,0
Coupler,EQUIP_0874,55,41.4,1.64,39,136.1,69.6,Low,73.18,70.9,3.34,0,30,7,0
Motor,EQUIP_0875,73,43.7,2.68,58,108.2,68.6,OK,96.58,75.4,1.81,1,45,8,0
Coupler,EQUIP_0876,139,34.5,4.73,64,158.2,39.3,OK,66.51,65.4,2.72,3,45,4,0
Coupler,EQUIP_0877,319,35.8,3.1,35,131.6,61.8,OK,92.76,66.9,0,1,60,9,0
Motor,EQUIP_0878,372,40.7,4.9,41,151.2,55,OK,75.83,59.4,3.09,3,15,14,0
Motor,EQUIP_0879,202,40.6,2.28,67,181.5,68.8,OK,85.69,74.9,0.91,1,45,1,0
Motor,EQUIP_0880,316,31.9,3.23,48,100.4,34.6,OK,68.82,72.1,0.55,0,15,8,0
Coupler,EQUIP_0881,190,40.8,2.62,96,157.9,61.9,Low,76.27,65,0.21,0,45,3,0
Motor,EQUIP_0882,301,37,3.59,37,172.8,57.9,OK,81.55,61.3,0.14,2,60,14,0
Coupler,EQUIP_0883,380,48.2,3.9,37,174.2,71.2,OK,58.75,71.4,3.08,0,45,1,0
Coupler,EQUIP_0884,291,41.2,3.6,76,109.1,75.5,OK,79.11,78.4,2.63,1,30,2,0
Motor,EQUIP_0885,38,42.1,4.04,33,162.6,50.7,OK,34.67,69.3,1.23,2,45,6,0
Motor,EQUIP_0886,158,42.2,2.99,80,186.1,51.2,OK,65.98,66.7,2.85,2,45,5,0
Coupler,EQUIP_0887,276,33.9,2.81,96,160.3,62.3,OK,83.16,65.3,1.41,1,15,14,0
Coupler,EQUIP_0888,305,49.7,1.24,74,146.5,77.3,OK,91.8,76.2,2.32,1,15,3,0
Motor,EQUIP_0889,20,31.9,3.64,37,184.2,60.6,OK,82.09,66.1,1.52,2,30,9,0
Motor,EQUIP_0890,173,44,3.17,45,129.2,47.2,OK,54.15,68.1,1.88,2,45,8,0
Motor,EQUIP_0891,122,43.1,2.93,96,104.1,53.9,OK,90.49,75.2,1.09,2,15,13,0
Motor,EQUIP_0892,196,37.6,2.81,38,144,62,OK,57.91,73.2,1.24,1,45,3,0
Motor,EQUIP_0893,304,43.3,2.96,89,166.1,62.4,OK,84.21,68.3,2.54,2,60,2,0
Coupler,EQUIP_0894,241,38.4,2.76,44,181.2,53,Low,58.41,66.5,2.7,2,60,8,0
Coupler,EQUIP_0895,236,36.6,2.47,70,165.9,53.7,OK,63.4,77.3,1.59,0,30,14,0
Coupler,EQUIP_0896,319,42.3,3.24,51,175.1,50.2,OK,60.65,64.4,0.47,0,60,5,0
Coupler,EQUIP_0897,107,35,3.48,53,181.4,71.4,Low,77.08,68.9,4.47,2,15,9,0
Motor,EQUIP_0898,64,38.9,2.23,73,139.8,51.7,OK,72.07,62.5,2.04,0,15,1,0
Motor,EQUIP_0899,120,37,2.6,30,145.6,55.4,OK,82.63,75.9,2.31,2,30,10,0
Motor,EQUIP_0900,161,38.3,2.8,39,188.6,55.1,OK,74.72,67.6,0.74,2,45,3,0
Coupler,EQUIP_0901,255,42.2,3,85,113.7,43.9,OK,52.23,66.5,3.22,2,15,5,0
Coupler,EQUIP_0902,415,37,2.87,79,162.9,51.4,Low,79.14,73.3,3.37,2,60,2,0
Motor,EQUIP_0903,78,39,3.66,41,128.5,72.3,Low,48.57,62.9,0.29,1,15,3,0
Motor,EQUIP_0904,321,37.5,1.35,89,183,47.9,OK,61.74,73.2,1.9,0,30,4,0
Coupler,EQUIP_0905,298,47.2,1.52,55,149.5,50.4,OK,69.54,68.2,1.82,1,60,4,0
Coupler,EQUIP_0906,259,41.7,3.19,70,150.2,46.7,OK,68.5,64,4.39,1,60,11,0
Motor,EQUIP_0907,45,41.1,2.4,65,201.9,59.1,OK,50.29,65,3.44,1,60,9,0
Motor,EQUIP_0908,248,43.4,3.88,52,117.7,78.9,OK,95.57,66.6,0.55,1,30,1,0
Coupler,EQUIP_0909,157,37,4.17,72,156.5,58.7,OK,99.72,67.8,1.27,1,30,12,0
Motor,EQUIP_0910,476,44.3,3.23,35,144.6,60.7,OK,108.76,64,1.11,0,45,9,0
Motor,EQUIP_0911,236,41.7,1.93,98,166,52,OK,92.21,71.5,2.37,0,45,9,0
Motor,EQUIP_0912,253,32.2,4.05,72,207.9,59.4,OK,69.07,63.9,3.57,2,45,11,0
Coupler,EQUIP_0913,346,32.9,3.2,54,131.8,72.3,OK,68.81,58.2,2.11,2,30,6,0
Coupler,EQUIP_0914,455,37.1,1.51,47,114.1,61.4,Low,67.98,79.6,2.5,0,60,11,1
Coupler,EQUIP_0915,374,33.4,1.6,91,125.7,81.3,OK,104.78,71,1.34,2,60,1,0
Coupler,EQUIP_0916,491,38.8,4.52,42,143,72.6,Low,73.27,80,2.5,1,15,11,1
Coupler,EQUIP_0917,210,34.9,4.35,72,151.9,59.1,OK,94.04,64.8,1.53,1,45,13,0
Coupler,EQUIP_0918,163,39.5,0.5,57,153.4,58.9,OK,92.87,72.4,0.36,1,60,12,0
Coupler,EQUIP_0919,459,47.1,1.64,47,204.1,76.3,OK,77.84,74.5,2.43,1,60,6,0
Motor,EQUIP_0920,82,39.8,4.14,88,198.7,61.4,OK,53.23,69.1,1.99,3,60,8,0
Motor,EQUIP_0921,210,38.5,2.98,89,189.1,74.1,OK,73.59,62.8,0.9,2,60,5,0
Motor,EQUIP_0922,305,41.9,3.7,92,225.4,80,OK,77.2,68.7,3.65,0,30,5,0
Motor,EQUIP_0923,26,36.5,2.94,86,174.7,58,OK,94.17,73.1,1.23,3,45,1,0
Motor,EQUIP_0924,138,44.2,3.65,80,183.3,63.5,OK,75.29,72.9,2.61,1,60,1,0
Motor,EQUIP_0925,226,42.5,3.01,85,174.1,69.8,OK,56.87,70,1.64,2,60,8,0
Motor,EQUIP_0926,70,40.2,2.56,56,169.2,67.7,OK,89.82,74.5,3.54,4,60,13,0
Coupler,EQUIP_0927,436,40.8,4.06,61,161.8,67.6,OK,71.59,74.3,1.76,3,60,5,0
Coupler,EQUIP_0928,113,50.2,3.2,38,138.1,46.7,Low,36.82,67.4,0.33,1,15,8,0
Motor,EQUIP_0929,51,44.7,3.65,97,112.6,51.5,OK,79.87,62.4,2.81,1,60,10,0
Motor,EQUIP_0930,34,51,3.16,75,146.1,55,OK,82.51,71,3.54,0,60,2,0
Coupler,EQUIP_0931,48,42.7,2.51,96,167,72.1,OK,62.36,66.3,1.57,4,60,4,0
Motor,EQUIP_0932,300,32.6,4.61,55,152.2,47.6,OK,72.12,70.7,2.68,0,15,13,0
Motor,EQUIP_0933,140,38.7,3.35,37,118,75.2,OK,84.87,76.7,2.13,2,30,11,0
Coupler,EQUIP_0934,238,31.5,2.64,35,145,67.8,OK,79.98,72.2,1.62,3,15,14,0
Motor,EQUIP_0935,117,42.6,4.28,53,143.5,71.5,OK,51.56,76.5,2.84,3,60,10,0
Coupler,EQUIP_0936,181,43.7,1.68,77,148.1,50.7,OK,93.8,64.9,1.2,2,30,9,0
Motor,EQUIP_0937,444,35.6,5.24,74,164.7,60.7,OK,100.59,75.4,2.03,0,60,13,0
Coupler,EQUIP_0938,487,36.7,2.82,42,171.2,63,OK,67.35,78.4,2.26,2,30,3,0
Coupler,EQUIP_0939,111,40.7,1.73,98,135,62.5,Low,46.35,70.3,2.22,0,60,6,0
Coupler,EQUIP_0940,363,34,4.91,54,179.4,63,OK,86.57,81.6,1.22,2,60,11,0
Motor,EQUIP_0941,21,33.6,2.54,49,183.9,57.2,OK,64.9,65.7,4.06,1,30,7,0
Coupler,EQUIP_0942,284,46.2,3.24,95,159.6,61.4,OK,83.03,66.8,3.26,0,30,3,0
Motor,EQUIP_0943,110,40.6,3.72,74,169.9,70.3,OK,108.03,73.2,2.99,2,60,1,0
Motor,EQUIP_0944,53,37.2,4.18,76,179.5,48.3,Low,51.81,70.3,3.43,1,15,2,0
Motor,EQUIP_0945,452,31.5,3.3,92,117.1,75.5,Low,63.05,66.3,2.07,1,15,11,1
Motor,EQUIP_0946,314,44.3,2.35,84,181.6,69.8,OK,72.08,73.1,1.63,1,15,14,0
Coupler,EQUIP_0947,454,36.6,3.22,48,126.3,50.3,OK,94.38,71.8,0.91,1,15,10,0
Coupler,EQUIP_0948,26,49.3,2.58,64,129.2,63.8,OK,128.33,67.1,1.3,3,30,7,0
Motor,EQUIP_0949,339,44.3,3.25,82,155.9,69,OK,78.71,70.9,0.99,3,30,7,0
Motor,EQUIP_0950,66,36,4.63,55,85.7,47.6,OK,50.52,73.8,1.47,3,15,12,0
Coupler,EQUIP_0951,320,36.4,3.76,43,155.3,60.4,Low,69.82,67,2.28,4,45,1,1
Motor,EQUIP_0952,312,48.6,3.21,74,179.5,59.2,Low,63.38,72.6,2.91,1,45,10,0
Coupler,EQUIP_0953,21,39.6,3.74,73,100.6,53.5,Low,85.82,65.7,2.89,1,45,7,0
Motor,EQUIP_0954,327,37.4,3.81,94,182.7,60.9,OK,80.65,66.6,0.83,2,60,10,0
Motor,EQUIP_0955,89,40.1,1.92,80,129,54,OK,59.37,75.6,2.69,0,15,11,0
Coupler,EQUIP_0956,225,37.4,3.04,72,156.2,73.7,OK,62.5,73.1,3.14,3,60,6,0
Motor,EQUIP_0957,348,41.2,5.56,52,133.4,53.7,OK,69.6,60.6,1.75,2,30,11,0
Coupler,EQUIP_0958,273,39.6,4.21,85,167.2,67.9,OK,71.41,68.1,3.2,0,30,6,0
Motor,EQUIP_0959,488,44.4,2.5,48,180.7,43.4,OK,74.37,72.4,2.88,2,45,7,0
Motor,EQUIP_0960,158,38.1,2.4,84,169.4,58.4,OK,75.73,70.7,0.74,1,45,7,0
Motor,EQUIP_0961,90,35.6,2.36,89,149.9,60.1,Low,93.52,73.1,4.19,2,30,1,0
Coupler,EQUIP_0962,224,38.3,3.87,88,135.7,58.1,Low,69.06,70.6,1.28,2,45,10,0
Motor,EQUIP_0963,494,38.2,4.61,62,147.9,56,Low,66.85,69.3,2.96,1,45,5,0
Motor,EQUIP_0964,383,39.6,3.58,48,169.7,53.3,Low,54.92,69.2,2.92,1,30,14,0
Motor,EQUIP_0965,473,43.2,3.16,57,170.7,67.5,OK,71.64,75.5,0.78,0,60,14,0
Motor,EQUIP_0966,207,42.9,2.56,81,166.5,70,OK,78.84,73.5,2.18,3,45,8,0
Coupler,EQUIP_0967,209,46,3.33,78,111.5,59.2,OK,49.14,72,2.91,0,60,8,0
Coupler,EQUIP_0968,34,35.9,2.18,66,149.3,49,OK,69.86,70.4,0.77,2,45,3,0
Motor,EQUIP_0969,475,41.9,1.06,55,131,77.9,Low,92.4,67.3,2.1,0,15,3,1
Coupler,EQUIP_0970,98,43.6,4.64,69,169.9,51.2,Low,84.72,68.5,2.99,3,60,7,0
Motor,EQUIP_0971,277,36.6,1.99,67,127.1,45.4,OK,80.6,75.3,3.06,2,60,4,0
Motor,EQUIP_0972,152,39,2.68,83,163.6,39.9,OK,84.32,74.9,1.6,1,45,6,0
Motor,EQUIP_0973,68,31.3,3.66,51,141.5,61,OK,66.39,66.8,3.54,1,60,9,0
Coupler,EQUIP_0974,419,44.5,4.43,45,93.6,57.8,OK,64.4,70.5,3.31,0,15,10,0
Coupler,EQUIP_0975,498,38.9,3.26,57,177.9,70.3,Low,94.08,72.5,2.24,0,30,2,0
Coupler,EQUIP_0976,374,44,1.81,64,149.2,66.1,OK,87.43,72.2,1.34,3,15,2,0
Coupler,EQUIP_0977,35,41,2.7,89,188.3,62.9,OK,63.81,72.1,0.83,3,30,6,0
Coupler,EQUIP_0978,56,39.1,2.32,74,100,57.3,OK,46.82,64.4,2.38,1,15,3,0
Coupler,EQUIP_0979,297,32,2.96,75,141.3,71.1,OK,64.12,64.1,3.46,0,15,1,0
Coupler,EQUIP_0980,275,32.9,4.23,84,143.5,78.7,OK,83.15,75.9,1.85,0,60,2,0
Coupler,EQUIP_0981,25,27,0.5,55,158.1,70.1,Low,65.13,77.5,1.14,1,15,14,0
Coupler,EQUIP_0982,208,37.2,2.59,54,110.2,55.4,OK,79.95,62.6,2.82,2,45,13,0
Motor,EQUIP_0983,410,51.4,2.52,94,166.3,67.8,OK,96.3,69.9,2.17,1,45,7,0
Coupler,EQUIP_0984,416,33.6,1.74,35,207.3,56,OK,73.6,74.1,2.52,1,45,4,0
Coupler,EQUIP_0985,291,26.8,3.59,52,164.2,48.9,OK,78.51,59,1.47,4,45,12,0
Coupler,EQUIP_0986,478,44.8,1.59,93,152.8,51,Low,85.27,64.6,1.63,3,60,2,1
Coupler,EQUIP_0987,95,51.8,1.7,72,108.7,56.4,OK,58.77,69.5,1.47,1,45,11,0
Coupler,EQUIP_0988,259,41.5,3.85,52,126.8,61,OK,63.4,67,2.5,3,15,12,0
Coupler,EQUIP_0989,400,41.4,4.5,59,148.3,80.6,OK,85.89,71,1.66,3,45,12,1
Coupler,EQUIP_0990,279,38.5,2.92,47,134.1,51.2,OK,75.55,77.4,2.59,2,60,8,0
Coupler,EQUIP_0991,344,31,1.78,50,180.8,73.2,OK,76.83,65.7,1.38,2,30,4,0
Coupler,EQUIP_0992,126,32.7,2.29,86,166,56.8,OK,75.5,70.3,2.5,3,15,4,0
Coupler,EQUIP_0993,16,38.4,4.01,52,230.8,39.8,Low,89.67,68.3,2.7,4,15,2,0
Coupler,EQUIP_0994,146,37.5,3.12,74,120.6,54.9,OK,81.54,70.7,2.33,2,60,14,0
Motor,EQUIP_0995,380,39.4,2.9,73,151,71.8,OK,81.73,70,2.92,5,30,1,0
Motor,EQUIP_0996,185,44.1,3.31,76,108.5,63.4,OK,93.33,83.2,1.52,3,45,1,0
Coupler,EQUIP_0997,337,37.1,2.96,69,83.3,64,OK,99.1,77.4,2.69,1,30,3,0
Coupler,EQUIP_0998,324,44.2,4.55,80,171.7,73.3,Low,108.65,62.1,2.23,0,15,6,0
Motor,EQUIP_0999,224,37.1,2.25,71,164.9,49.6,OK,66.31,65.5,1.19,1,15,7,0
